-- MySQL dump 10.13  Distrib 5.7.22, for Linux (x86_64)
--
-- Host: tempodb.cetiq3nrjtaw.us-west-2.rds.amazonaws.com    Database: TempoProd
-- ------------------------------------------------------
-- Server version	5.6.27-log

/*!40101 SET @OLD_CHARACTER_SET_CLIENT=@@CHARACTER_SET_CLIENT */;
/*!40101 SET @OLD_CHARACTER_SET_RESULTS=@@CHARACTER_SET_RESULTS */;
/*!40101 SET @OLD_COLLATION_CONNECTION=@@COLLATION_CONNECTION */;
/*!40101 SET NAMES utf8 */;
/*!40103 SET @OLD_TIME_ZONE=@@TIME_ZONE */;
/*!40103 SET TIME_ZONE='+00:00' */;
/*!40014 SET @OLD_UNIQUE_CHECKS=@@UNIQUE_CHECKS, UNIQUE_CHECKS=0 */;
/*!40014 SET @OLD_FOREIGN_KEY_CHECKS=@@FOREIGN_KEY_CHECKS, FOREIGN_KEY_CHECKS=0 */;
/*!40101 SET @OLD_SQL_MODE=@@SQL_MODE, SQL_MODE='NO_AUTO_VALUE_ON_ZERO' */;
/*!40111 SET @OLD_SQL_NOTES=@@SQL_NOTES, SQL_NOTES=0 */;

--
-- Table structure for table `city`
--

DROP TABLE IF EXISTS `city`;
/*!40101 SET @saved_cs_client     = @@character_set_client */;
/*!40101 SET character_set_client = utf8 */;
CREATE TABLE `city` (
  `city_id` int(11) NOT NULL AUTO_INCREMENT,
  `city_name` varchar(150) DEFAULT NULL,
  `created_at` datetime DEFAULT NULL,
  `updated_at` datetime DEFAULT NULL,
  PRIMARY KEY (`city_id`)
) ENGINE=InnoDB AUTO_INCREMENT=8 DEFAULT CHARSET=latin1;
/*!40101 SET character_set_client = @saved_cs_client */;

--
-- Dumping data for table `city`
--

LOCK TABLES `city` WRITE;
/*!40000 ALTER TABLE `city` DISABLE KEYS */;
INSERT INTO `city` VALUES (1,'Nagpur','2017-09-15 00:00:00',NULL),(2,'New York','2017-09-15 00:00:00',NULL),(3,'Sugar Land','2017-09-15 00:00:00',NULL),(4,'Los Angeles','2017-09-15 00:00:00',NULL),(5,'Boston','2017-09-15 00:00:00',NULL),(6,'Woodland',NULL,NULL),(7,'Houston','2018-01-04 00:00:00',NULL);
/*!40000 ALTER TABLE `city` ENABLE KEYS */;
UNLOCK TABLES;

--
-- Table structure for table `cooling_down_slap`
--

DROP TABLE IF EXISTS `cooling_down_slap`;
/*!40101 SET @saved_cs_client     = @@character_set_client */;
/*!40101 SET character_set_client = utf8 */;
CREATE TABLE `cooling_down_slap` (
  `id` int(11) NOT NULL AUTO_INCREMENT,
  `max_rating_value` int(11) DEFAULT NULL,
  `percentage` int(11) DEFAULT NULL,
  PRIMARY KEY (`id`)
) ENGINE=MyISAM DEFAULT CHARSET=latin1;
/*!40101 SET character_set_client = @saved_cs_client */;

--
-- Dumping data for table `cooling_down_slap`
--

LOCK TABLES `cooling_down_slap` WRITE;
/*!40000 ALTER TABLE `cooling_down_slap` DISABLE KEYS */;
/*!40000 ALTER TABLE `cooling_down_slap` ENABLE KEYS */;
UNLOCK TABLES;

--
-- Table structure for table `employee`
--

DROP TABLE IF EXISTS `employee`;
/*!40101 SET @saved_cs_client     = @@character_set_client */;
/*!40101 SET character_set_client = utf8 */;
CREATE TABLE `employee` (
  `employee_id` int(11) NOT NULL,
  `emp_name` varchar(100) NOT NULL,
  `emp_contact` varchar(100) NOT NULL,
  `emp_role` varchar(100) NOT NULL
) ENGINE=InnoDB DEFAULT CHARSET=utf8;
/*!40101 SET character_set_client = @saved_cs_client */;

--
-- Dumping data for table `employee`
--

LOCK TABLES `employee` WRITE;
/*!40000 ALTER TABLE `employee` DISABLE KEYS */;
/*!40000 ALTER TABLE `employee` ENABLE KEYS */;
UNLOCK TABLES;

--
-- Table structure for table `event_association`
--

DROP TABLE IF EXISTS `event_association`;
/*!40101 SET @saved_cs_client     = @@character_set_client */;
/*!40101 SET character_set_client = utf8 */;
CREATE TABLE `event_association` (
  `event_association_id` int(11) NOT NULL AUTO_INCREMENT,
  `event_id` int(11) DEFAULT NULL,
  `associated_userid` int(11) DEFAULT NULL,
  `association_type` varchar(20) DEFAULT NULL,
  `association_datetime` datetime DEFAULT NULL,
  `created_at` datetime DEFAULT NULL,
  `updated_at` datetime DEFAULT CURRENT_TIMESTAMP,
  PRIMARY KEY (`event_association_id`)
) ENGINE=MyISAM AUTO_INCREMENT=2 DEFAULT CHARSET=latin1;
/*!40101 SET character_set_client = @saved_cs_client */;

--
-- Dumping data for table `event_association`
--

LOCK TABLES `event_association` WRITE;
/*!40000 ALTER TABLE `event_association` DISABLE KEYS */;
/*!40000 ALTER TABLE `event_association` ENABLE KEYS */;
UNLOCK TABLES;

--
-- Table structure for table `event_co_host`
--

DROP TABLE IF EXISTS `event_co_host`;
/*!40101 SET @saved_cs_client     = @@character_set_client */;
/*!40101 SET character_set_client = utf8 */;
CREATE TABLE `event_co_host` (
  `event_co_host_id` int(11) NOT NULL AUTO_INCREMENT,
  `event_id` int(11) DEFAULT NULL,
  `co_host_user_id` int(11) DEFAULT NULL,
  `status` varchar(20) DEFAULT NULL,
  `created_at` datetime DEFAULT CURRENT_TIMESTAMP,
  `updated_at` datetime DEFAULT CURRENT_TIMESTAMP ON UPDATE CURRENT_TIMESTAMP,
  PRIMARY KEY (`event_co_host_id`)
) ENGINE=MyISAM AUTO_INCREMENT=81 DEFAULT CHARSET=latin1;
/*!40101 SET character_set_client = @saved_cs_client */;

--
-- Dumping data for table `event_co_host`
--

LOCK TABLES `event_co_host` WRITE;
/*!40000 ALTER TABLE `event_co_host` DISABLE KEYS */;
INSERT INTO `event_co_host` VALUES (50,24,43,'Invited','2017-10-10 18:46:22','2017-10-10 18:46:22'),(51,25,43,'Invited','2017-10-10 18:48:16','2017-10-10 18:48:16'),(52,26,43,'Invited','2017-10-11 20:21:40','2017-10-11 20:21:40'),(53,29,43,'Invited','2017-10-17 23:52:42','2017-10-17 23:52:42'),(54,29,45,'Invited','2017-10-17 23:52:42','2017-10-17 23:52:42'),(55,30,48,'Invited','2017-10-17 23:57:52','2017-10-17 23:57:52'),(56,30,61,'Invited','2017-10-17 23:57:52','2017-10-17 23:57:52'),(57,32,42,'Invited','2017-10-23 17:54:56','2017-10-23 17:54:56'),(58,32,43,'Invited','2017-10-23 17:54:56','2017-10-23 17:54:56'),(59,32,45,'Invited','2017-10-23 17:54:56','2017-10-23 17:54:56'),(60,32,47,'Invited','2017-10-23 17:54:56','2017-10-23 17:54:56'),(61,32,48,'Invited','2017-10-23 17:54:56','2017-10-23 17:54:56'),(62,39,43,'Invited','2017-11-28 10:47:33','2017-11-28 10:47:33'),(63,42,48,'Invited','2017-12-01 18:27:50','2017-12-01 18:27:50'),(64,42,51,'Invited','2017-12-01 18:27:51','2017-12-01 18:27:51'),(65,52,48,'Invited','2017-12-13 02:30:56','2017-12-13 02:30:56'),(66,53,43,'Invited','2017-12-13 07:23:22','2017-12-13 07:23:22'),(67,53,44,'Invited','2017-12-13 07:23:22','2017-12-13 07:23:22'),(68,54,64,'Invited','2017-12-15 03:33:24','2017-12-15 03:33:24'),(69,55,64,'Invited','2017-12-16 02:35:51','2017-12-16 02:35:51'),(70,59,50,'Invited','2018-01-06 00:35:51','2018-01-06 00:35:51'),(71,60,64,'Invited','2018-01-09 03:50:14','2018-01-09 03:50:14'),(72,61,51,'Invited','2018-01-09 03:52:10','2018-01-09 03:52:10'),(73,71,64,'Invited','2018-02-04 08:28:24','2018-02-04 08:28:24'),(74,73,62,'Invited','2018-02-07 12:24:15','2018-02-07 12:24:15'),(75,75,43,'Invited','2018-02-08 05:58:11','2018-02-08 05:58:11'),(76,76,117,'Invited','2018-02-08 11:57:30','2018-02-08 11:57:30'),(77,78,42,'Invited','2018-02-09 08:34:24','2018-02-09 08:34:24'),(78,78,63,'Invited','2018-02-09 08:34:24','2018-02-09 08:34:24'),(79,78,84,'Invited','2018-02-09 08:34:24','2018-02-09 08:34:24'),(80,78,117,'Invited','2018-02-09 08:34:24','2018-02-09 08:34:24');
/*!40000 ALTER TABLE `event_co_host` ENABLE KEYS */;
UNLOCK TABLES;

--
-- Table structure for table `event_comments`
--

DROP TABLE IF EXISTS `event_comments`;
/*!40101 SET @saved_cs_client     = @@character_set_client */;
/*!40101 SET character_set_client = utf8 */;
CREATE TABLE `event_comments` (
  `event_comment_id` int(11) NOT NULL AUTO_INCREMENT,
  `event_post_id` int(11) DEFAULT NULL,
  `comment_type` varchar(20) DEFAULT NULL,
  `comment_data` text,
  `commented_by` int(11) DEFAULT NULL,
  `comment_status` varchar(20) DEFAULT NULL,
  `created_at` datetime DEFAULT CURRENT_TIMESTAMP,
  `updated_at` datetime DEFAULT NULL ON UPDATE CURRENT_TIMESTAMP,
  PRIMARY KEY (`event_comment_id`)
) ENGINE=MyISAM AUTO_INCREMENT=80 DEFAULT CHARSET=latin1;
/*!40101 SET character_set_client = @saved_cs_client */;

--
-- Dumping data for table `event_comments`
--

LOCK TABLES `event_comments` WRITE;
/*!40000 ALTER TABLE `event_comments` DISABLE KEYS */;
INSERT INTO `event_comments` VALUES (52,85,'','Nice',45,'','2017-10-11 05:31:38','2017-10-11 05:31:38'),(53,85,'','Nope ',45,'','2017-10-11 05:31:43','2017-10-11 05:31:43'),(54,85,'','Bad idea ',45,'','2017-10-11 05:31:48','2017-10-11 05:31:48'),(55,89,'','No sleeping',44,'','2017-10-17 22:57:36','2017-10-17 22:57:36'),(56,86,'','No sleeping',44,'','2017-10-17 22:57:56','2017-10-17 22:57:56'),(57,99,'','Nice',44,'','2017-10-25 00:18:56','2017-10-25 00:18:56'),(58,95,'','Testing ',62,'','2017-10-29 03:35:54','2017-10-29 03:35:54'),(59,90,'','Guy singing opera????',62,'','2017-10-29 03:36:36','2017-10-29 03:36:36'),(60,94,'','Hey',44,'','2017-11-01 23:05:21','2017-11-01 23:05:21'),(61,94,'','Man',44,'','2017-11-07 09:16:32','2017-11-07 09:16:32'),(62,101,'','Hey',44,'','2017-11-17 21:06:05','2017-11-17 21:06:05'),(63,85,'',' Hey',44,'','2017-11-28 01:08:01','2017-11-28 01:08:01'),(64,85,'','Hey',44,'','2017-12-01 03:49:55','2017-12-01 03:49:55'),(65,129,'','This is so cooool!!',84,'','2017-12-01 07:06:18','2017-12-01 07:06:18'),(66,146,'','Testing ',44,'','2017-12-18 14:23:17','2017-12-18 14:23:17'),(67,167,'','Test ',44,'','2017-12-18 23:43:03','2017-12-18 23:43:03'),(68,146,'','Definitely ',44,'','2017-12-26 06:40:20','2017-12-26 06:40:20'),(69,188,'','Birthday party story one',117,'','2018-02-07 07:39:37','2018-02-07 07:39:37'),(70,190,'','Test comment',117,'','2018-02-08 11:59:30','2018-02-08 11:59:30'),(71,191,'','Test comment',117,'','2018-02-08 12:18:40','2018-02-08 12:18:40'),(72,191,'','Comment on event',117,'','2018-02-08 12:19:39','2018-02-08 12:19:39'),(73,194,'','Test',105,'','2018-02-08 19:58:15','2018-02-08 19:58:15'),(74,194,'','Test2',105,'','2018-02-08 20:03:15','2018-02-08 20:03:15'),(75,194,'','ABC ',105,'','2018-02-08 20:08:16','2018-02-08 20:08:16'),(76,193,'','Hey',105,'','2018-02-08 20:45:33','2018-02-08 20:45:33'),(77,193,'','Test',105,'','2018-02-08 20:45:40','2018-02-08 20:45:40'),(78,194,'','11',105,'','2018-02-08 21:33:16','2018-02-08 21:33:16'),(79,193,'','Wear red',65,'','2018-02-09 04:57:14','2018-02-09 04:57:14');
/*!40000 ALTER TABLE `event_comments` ENABLE KEYS */;
UNLOCK TABLES;

--
-- Table structure for table `event_invitations`
--

DROP TABLE IF EXISTS `event_invitations`;
/*!40101 SET @saved_cs_client     = @@character_set_client */;
/*!40101 SET character_set_client = utf8 */;
CREATE TABLE `event_invitations` (
  `event_invitation_id` int(11) NOT NULL AUTO_INCREMENT,
  `event_id` int(11) DEFAULT NULL,
  `invited_to_userid` int(11) DEFAULT NULL,
  `invited_from_userid` int(11) DEFAULT NULL,
  `invitation_status` varchar(20) DEFAULT NULL,
  `created_at` datetime DEFAULT CURRENT_TIMESTAMP,
  `updated_at` datetime DEFAULT CURRENT_TIMESTAMP ON UPDATE CURRENT_TIMESTAMP,
  PRIMARY KEY (`event_invitation_id`)
) ENGINE=MyISAM AUTO_INCREMENT=249 DEFAULT CHARSET=latin1;
/*!40101 SET character_set_client = @saved_cs_client */;

--
-- Dumping data for table `event_invitations`
--

LOCK TABLES `event_invitations` WRITE;
/*!40000 ALTER TABLE `event_invitations` DISABLE KEYS */;
INSERT INTO `event_invitations` VALUES (56,23,0,43,'Invited','2017-10-10 06:39:26',NULL),(57,24,42,45,'Invited','2017-10-10 18:46:22',NULL),(58,24,43,45,'Accepted','2017-10-10 18:46:22','2017-11-17 09:14:14'),(59,25,42,45,'Invited','2017-10-10 18:48:16',NULL),(60,25,43,45,'Accepted','2017-10-10 18:48:16','2017-11-17 09:14:07'),(61,26,43,44,'Accepted','2017-10-11 20:21:40','2017-10-16 05:11:46'),(62,26,45,44,'Accepted','2017-10-11 20:21:41','2018-01-30 22:11:35'),(63,26,46,44,'Invited','2017-10-11 20:21:41',NULL),(64,23,63,43,'Accepted','2017-10-16 06:55:53','2017-12-04 11:59:46'),(65,27,0,62,'Invited','2017-10-17 18:56:00',NULL),(66,28,42,44,'Invited','2017-10-17 23:40:53',NULL),(67,28,43,44,'Accepted','2017-10-17 23:40:53','2017-11-10 06:40:21'),(68,28,45,44,'Accepted','2017-10-17 23:40:53','2018-01-30 22:11:37'),(69,29,42,44,'Accepted','2017-10-17 23:52:42','2017-12-04 12:17:00'),(70,29,43,44,'Accepted','2017-10-17 23:52:42','2017-11-10 06:40:18'),(71,29,45,44,'Accepted','2017-10-17 23:52:42','2018-01-30 22:11:33'),(72,29,51,44,'Invited','2017-10-17 23:52:42',NULL),(73,29,55,44,'Invited','2017-10-17 23:52:43',NULL),(74,29,61,44,'Accepted','2017-10-17 23:52:43','2018-01-04 00:40:28'),(75,30,42,44,'Accepted','2017-10-17 23:57:52','2017-12-04 12:16:57'),(76,30,43,44,'Accepted','2017-10-17 23:57:53','2017-11-10 06:40:16'),(77,30,45,44,'Accepted','2017-10-17 23:57:53','2018-01-30 22:11:31'),(78,30,47,44,'Accepted','2017-10-17 23:57:53','2017-12-01 03:35:29'),(79,30,48,44,'Accepted','2017-10-17 23:57:53','2017-10-23 18:09:56'),(80,30,49,44,'Accepted','2017-10-17 23:57:53','2017-10-18 17:41:09'),(81,30,51,44,'Invited','2017-10-17 23:57:53',NULL),(82,30,52,44,'Invited','2017-10-17 23:57:53',NULL),(83,30,53,44,'Invited','2017-10-17 23:57:54',NULL),(84,30,54,44,'Accepted','2017-10-17 23:57:54','2017-10-18 00:02:02'),(85,30,55,44,'Invited','2017-10-17 23:57:54',NULL),(86,30,56,44,'Invited','2017-10-17 23:57:54',NULL),(87,30,61,44,'Accepted','2017-10-17 23:57:55','2018-01-04 00:40:42'),(88,30,62,44,'Accepted','2017-10-17 23:57:55','2017-10-29 00:25:33'),(89,27,44,62,'Accepted','2017-10-20 07:56:06','2017-10-20 12:38:54'),(90,27,45,62,'Accepted','2017-10-20 07:56:07','2018-01-30 22:11:28'),(91,31,0,66,'Invited','2017-10-21 17:20:17',NULL),(92,32,42,44,'Accepted','2017-10-23 17:54:57','2017-12-04 12:16:54'),(93,32,43,44,'Accepted','2017-10-23 17:54:57','2017-11-10 06:40:14'),(94,32,45,44,'Accepted','2017-10-23 17:54:57','2018-01-30 22:11:26'),(95,32,47,44,'Accepted','2017-10-23 17:54:57','2017-12-01 03:35:25'),(96,33,0,50,'Invited','2017-10-24 13:19:32',NULL),(97,34,0,43,'Invited','2017-11-03 14:33:48',NULL),(98,35,0,43,'Invited','2017-11-15 11:43:44',NULL),(99,36,0,43,'Invited','2017-11-15 11:47:56',NULL),(100,37,0,43,'Invited','2017-11-27 12:59:04',NULL),(101,38,0,63,'Invited','2017-11-27 14:10:23',NULL),(102,39,43,84,'Invited','2017-11-28 10:47:37',NULL),(103,40,0,43,'Invited','2017-11-29 10:46:40',NULL),(104,41,43,44,'Invited','2017-12-01 03:35:11',NULL),(105,41,45,44,'Accepted','2017-12-01 03:35:11','2018-01-30 22:11:20'),(106,41,47,44,'Accepted','2017-12-01 03:35:11','2017-12-01 03:35:27'),(107,41,48,44,'Accepted','2017-12-01 03:35:11','2017-12-23 20:01:47'),(108,41,49,44,'Invited','2017-12-01 03:35:11',NULL),(109,41,50,44,'Accepted','2017-12-01 03:35:12','2017-12-01 03:42:30'),(110,41,51,44,'Invited','2017-12-01 03:35:12',NULL),(111,41,52,44,'Invited','2017-12-01 03:35:12',NULL),(112,41,53,44,'Accepted','2017-12-01 03:35:12','2017-12-01 04:57:50'),(113,41,54,44,'Invited','2017-12-01 03:35:12',NULL),(114,41,55,44,'Invited','2017-12-01 03:35:12',NULL),(115,41,56,44,'Invited','2017-12-01 03:35:13',NULL),(116,41,57,44,'Invited','2017-12-01 03:35:13',NULL),(117,41,58,44,'Invited','2017-12-01 03:35:13',NULL),(118,41,59,44,'Invited','2017-12-01 03:35:13',NULL),(119,41,60,44,'Invited','2017-12-01 03:35:13',NULL),(120,41,61,44,'Accepted','2017-12-01 03:35:13','2018-01-04 00:40:26'),(121,41,62,44,'Accepted','2017-12-01 03:35:13','2018-02-07 18:39:16'),(122,41,63,44,'Accepted','2017-12-01 03:35:14','2017-12-04 11:59:39'),(123,41,64,44,'Accepted','2017-12-01 03:35:14','2017-12-01 04:36:45'),(124,41,65,44,'Accepted','2017-12-01 03:35:14','2018-02-02 02:38:20'),(125,41,66,44,'Invited','2017-12-01 03:35:14',NULL),(126,41,67,44,'Invited','2017-12-01 03:35:14',NULL),(127,41,68,44,'Accepted','2017-12-01 03:35:14','2017-12-01 04:21:29'),(128,41,69,44,'Invited','2017-12-01 03:35:15',NULL),(129,42,43,44,'Invited','2017-12-01 18:27:52',NULL),(130,42,45,44,'Accepted','2017-12-01 18:27:56','2018-01-30 22:11:22'),(131,42,48,44,'Accepted','2017-12-01 18:27:56','2017-12-23 20:01:24'),(132,42,51,44,'Invited','2017-12-01 18:27:59',NULL),(133,42,55,44,'Invited','2017-12-01 18:28:00',NULL),(134,42,62,44,'Accepted','2017-12-01 18:28:02','2018-02-07 18:39:25'),(135,42,64,44,'Invited','2017-12-01 18:28:02',NULL),(136,42,66,44,'Invited','2017-12-01 18:28:03',NULL),(137,42,67,44,'Invited','2017-12-01 18:28:05',NULL),(138,43,0,41,'Invited','2017-12-02 04:34:10',NULL),(139,44,63,43,'Accepted','2017-12-04 06:28:47','2017-12-04 06:29:36'),(140,44,82,43,'Invited','2017-12-04 06:28:47',NULL),(141,44,84,43,'Accepted','2017-12-04 06:28:47','2017-12-12 08:40:39'),(142,44,85,43,'Invited','2017-12-04 06:28:48',NULL),(143,45,42,43,'Rejected','2017-12-04 07:26:42','2017-12-04 08:41:25'),(144,45,63,43,'Accepted','2017-12-04 07:26:42','2017-12-04 11:59:17'),(145,45,84,43,'Accepted','2017-12-04 07:26:42','2017-12-04 07:26:59'),(146,46,42,43,'Accepted','2017-12-04 07:32:50','2017-12-04 12:16:28'),(147,46,63,43,'Accepted','2017-12-04 07:32:50','2017-12-04 11:59:09'),(148,46,84,43,'Accepted','2017-12-04 07:32:50','2017-12-04 07:33:04'),(149,47,42,43,'Accepted','2017-12-04 08:21:01','2017-12-04 08:40:23'),(150,47,63,43,'Accepted','2017-12-04 08:21:01','2017-12-04 08:25:42'),(151,47,84,43,'Accepted','2017-12-04 08:21:01','2017-12-04 08:27:45'),(152,48,42,63,'Accepted','2017-12-04 12:04:26','2017-12-04 12:10:35'),(153,49,0,50,'Invited','2017-12-06 21:29:58',NULL),(154,50,0,43,'Invited','2017-12-12 09:56:11',NULL),(155,50,63,43,'Accepted','2017-12-12 10:07:42','2017-12-12 10:08:07'),(156,51,0,43,'Invited','2017-12-12 12:11:51',NULL),(157,51,63,43,'Accepted','2017-12-12 12:16:58','2017-12-12 12:17:41'),(158,52,43,44,'Invited','2017-12-13 02:30:57',NULL),(159,52,44,44,'Rejected','2017-12-13 02:30:57','2017-12-13 23:01:02'),(160,53,43,63,'Invited','2017-12-13 07:23:23',NULL),(161,54,48,44,'Accepted','2017-12-15 03:33:25','2017-12-23 20:01:21'),(162,55,43,44,'Invited','2017-12-16 02:35:51',NULL),(163,55,64,44,'Invited','2017-12-16 02:35:51',NULL),(164,56,0,43,'Invited','2018-01-03 12:03:08',NULL),(165,57,0,63,'Invited','2018-01-04 08:28:51',NULL),(166,58,63,43,'Invited','2018-01-05 10:04:08',NULL),(167,59,43,44,'Invited','2018-01-06 00:35:51',NULL),(168,59,44,44,'Rejected','2018-01-06 00:35:51','2018-01-07 16:17:10'),(169,59,45,44,'Accepted','2018-01-06 00:35:51','2018-01-30 22:11:23'),(170,59,48,44,'Accepted','2018-01-06 00:35:51','2018-01-13 01:00:12'),(171,59,49,44,'Invited','2018-01-06 00:35:52',NULL),(172,59,50,44,'Invited','2018-01-06 00:35:52',NULL),(173,59,51,44,'Invited','2018-01-06 00:35:52',NULL),(174,59,55,44,'Invited','2018-01-06 00:35:52',NULL),(175,59,59,44,'Invited','2018-01-06 00:35:52',NULL),(176,59,62,44,'Accepted','2018-01-06 00:35:52','2018-02-07 18:39:22'),(177,59,64,44,'Accepted','2018-01-06 00:35:53','2018-01-09 05:57:10'),(178,59,67,44,'Invited','2018-01-06 00:35:53',NULL),(179,59,84,44,'Invited','2018-01-06 00:35:53',NULL),(180,59,88,44,'Invited','2018-01-06 00:35:53',NULL),(181,59,90,44,'Invited','2018-01-06 00:35:53',NULL),(182,60,55,44,'Invited','2018-01-09 03:50:14',NULL),(183,61,64,44,'Accepted','2018-01-09 03:52:11','2018-01-09 05:57:02'),(184,62,0,44,'Invited','2018-01-09 09:36:22',NULL),(185,63,0,43,'Invited','2018-01-09 11:10:43',NULL),(186,63,63,43,'Invited','2018-01-09 11:11:23',NULL),(187,63,84,43,'Invited','2018-01-09 11:11:50',NULL),(188,64,0,44,'Invited','2018-01-22 11:52:04',NULL),(189,65,0,99,'Invited','2018-01-27 06:46:15',NULL),(190,66,0,114,'Invited','2018-01-30 07:24:01',NULL),(191,67,0,114,'Invited','2018-01-30 07:59:21',NULL),(192,68,43,44,'Invited','2018-01-30 14:52:59',NULL),(193,68,45,44,'Accepted','2018-01-30 14:52:59','2018-01-30 22:10:23'),(194,68,48,44,'Invited','2018-01-30 14:52:59',NULL),(195,68,55,44,'Invited','2018-01-30 14:53:19',NULL),(196,68,64,44,'Invited','2018-01-30 14:53:35',NULL),(197,68,67,44,'Invited','2018-01-30 14:53:41',NULL),(198,68,84,44,'Invited','2018-01-30 14:53:57',NULL),(199,69,0,61,'Invited','2018-01-30 20:13:53',NULL),(200,70,48,44,'Invited','2018-02-01 13:34:34',NULL),(201,70,67,44,'Invited','2018-02-01 13:34:35',NULL),(202,71,43,44,'Invited','2018-02-04 08:28:25',NULL),(203,71,45,44,'Invited','2018-02-04 08:28:25',NULL),(204,71,48,44,'Invited','2018-02-04 08:28:25',NULL),(205,71,49,44,'Invited','2018-02-04 08:28:25',NULL),(206,71,50,44,'Invited','2018-02-04 08:28:25',NULL),(207,71,51,44,'Invited','2018-02-04 08:28:25',NULL),(208,71,55,44,'Invited','2018-02-04 08:28:26',NULL),(209,71,59,44,'Accepted','2018-02-04 08:28:26','2018-02-07 01:42:37'),(210,71,62,44,'Accepted','2018-02-04 08:28:26','2018-02-07 18:39:13'),(211,71,64,44,'Accepted','2018-02-04 08:28:26','2018-02-04 22:19:42'),(212,71,65,44,'Accepted','2018-02-04 08:28:26','2018-02-08 05:34:08'),(213,71,67,44,'Invited','2018-02-04 08:28:27',NULL),(214,71,84,44,'Invited','2018-02-04 08:28:27',NULL),(215,71,88,44,'Invited','2018-02-04 08:28:27',NULL),(216,71,90,44,'Invited','2018-02-04 08:28:27',NULL),(217,71,94,44,'Invited','2018-02-04 08:28:28',NULL),(218,71,99,44,'Invited','2018-02-04 08:28:28',NULL),(219,71,116,44,'Invited','2018-02-04 08:28:28',NULL),(220,72,0,117,'Invited','2018-02-07 07:28:18',NULL),(221,73,43,44,'Invited','2018-02-07 12:24:15',NULL),(222,73,45,44,'Invited','2018-02-07 12:24:15',NULL),(223,73,48,44,'Invited','2018-02-07 12:24:15',NULL),(224,73,49,44,'Invited','2018-02-07 12:24:16',NULL),(225,73,50,44,'Invited','2018-02-07 12:24:16',NULL),(226,73,51,44,'Invited','2018-02-07 12:24:16',NULL),(227,73,55,44,'Invited','2018-02-07 12:24:16',NULL),(228,73,59,44,'Invited','2018-02-07 12:24:17',NULL),(229,73,62,44,'Accepted','2018-02-07 12:24:17','2018-02-07 18:39:10'),(230,73,64,44,'Invited','2018-02-07 12:24:17',NULL),(231,73,67,44,'Invited','2018-02-07 12:24:18',NULL),(232,73,84,44,'Invited','2018-02-07 12:24:18',NULL),(233,73,88,44,'Invited','2018-02-07 12:24:18',NULL),(234,73,90,44,'Invited','2018-02-07 12:24:18',NULL),(235,73,99,44,'Invited','2018-02-07 12:24:18',NULL),(236,73,116,44,'Invited','2018-02-07 12:24:19',NULL),(237,73,123,44,'Invited','2018-02-07 12:24:19',NULL),(238,73,124,44,'Invited','2018-02-07 12:24:19',NULL),(239,73,125,44,'Invited','2018-02-07 12:24:19',NULL),(240,74,0,105,'Invited','2018-02-07 22:31:45',NULL),(241,75,43,117,'Invited','2018-02-08 05:58:12',NULL),(242,76,43,84,'Invited','2018-02-08 11:57:30',NULL),(243,76,117,84,'Accepted','2018-02-08 11:57:30','2018-02-08 12:00:08'),(244,77,0,105,'Invited','2018-02-08 21:51:29',NULL),(245,78,42,43,'Invited','2018-02-09 08:34:25',NULL),(246,78,63,43,'Invited','2018-02-09 08:34:25',NULL),(247,78,84,43,'Invited','2018-02-09 08:34:25',NULL),(248,78,117,43,'Invited','2018-02-09 08:34:25',NULL);
/*!40000 ALTER TABLE `event_invitations` ENABLE KEYS */;
UNLOCK TABLES;

--
-- Table structure for table `event_media_like`
--

DROP TABLE IF EXISTS `event_media_like`;
/*!40101 SET @saved_cs_client     = @@character_set_client */;
/*!40101 SET character_set_client = utf8 */;
CREATE TABLE `event_media_like` (
  `event_media_like_id` int(11) NOT NULL AUTO_INCREMENT,
  `event_id` int(11) DEFAULT NULL,
  `user_id` int(11) DEFAULT NULL,
  `event_post_id` int(11) DEFAULT NULL,
  `islike` int(11) DEFAULT NULL COMMENT '1-Like; 0-Unlike',
  `created_at` datetime DEFAULT NULL,
  `updated_at` datetime DEFAULT NULL,
  PRIMARY KEY (`event_media_like_id`)
) ENGINE=InnoDB AUTO_INCREMENT=95 DEFAULT CHARSET=latin1;
/*!40101 SET character_set_client = @saved_cs_client */;

--
-- Dumping data for table `event_media_like`
--

LOCK TABLES `event_media_like` WRITE;
/*!40000 ALTER TABLE `event_media_like` DISABLE KEYS */;
INSERT INTO `event_media_like` VALUES (32,25,45,85,1,'2017-10-10 18:49:57',NULL),(33,30,54,90,1,'2017-10-18 00:01:05',NULL),(34,27,69,95,1,'2017-10-28 14:50:39',NULL),(35,27,62,95,1,'2017-10-29 03:36:03',NULL),(36,27,69,106,0,'2017-11-05 01:25:57',NULL),(37,25,44,86,1,'2017-11-16 22:07:54',NULL),(38,25,44,85,1,'2017-11-16 22:08:07',NULL),(39,30,44,113,1,'2017-11-16 22:08:15',NULL),(40,26,44,109,1,'2017-11-16 22:08:21',NULL),(41,26,44,94,1,'2017-11-16 22:08:25',NULL),(42,27,44,95,1,'2017-11-17 22:20:36',NULL),(43,27,44,92,1,'2017-11-17 22:20:38',NULL),(44,27,44,110,1,'2017-11-17 22:20:42',NULL),(45,27,44,106,1,'2017-11-17 22:20:44',NULL),(46,27,44,103,1,'2017-11-17 22:20:45',NULL),(47,30,44,118,1,'2017-11-17 22:20:56',NULL),(48,30,44,104,1,'2017-11-17 22:20:59',NULL),(49,30,44,98,1,'2017-11-17 22:21:01',NULL),(50,30,44,90,1,'2017-11-17 22:21:02',NULL),(51,32,44,114,0,'2017-11-17 22:21:31',NULL),(52,32,44,101,1,'2017-11-17 22:21:33',NULL),(53,32,44,100,1,'2017-11-17 22:21:34',NULL),(54,32,44,99,1,'2017-11-17 22:21:36',NULL),(55,29,44,97,1,'2017-11-17 22:24:28',NULL),(56,28,44,111,1,'2017-11-17 22:24:32',NULL),(57,28,44,107,1,'2017-11-17 22:24:34',NULL),(58,28,44,91,1,'2017-11-17 22:24:36',NULL),(59,26,44,115,1,'2017-11-17 22:24:56',NULL),(60,26,44,105,1,'2017-11-17 22:24:59',NULL),(61,26,44,89,1,'2017-11-17 22:25:02',NULL),(62,26,44,93,1,'2017-11-20 13:43:08',NULL),(63,23,84,128,1,'2017-11-28 09:28:21',NULL),(64,23,84,126,0,'2017-11-28 09:37:32',NULL),(65,23,43,129,1,'2017-11-29 08:32:42',NULL),(66,23,43,128,1,'2017-11-29 08:32:45',NULL),(67,23,43,87,1,'2017-11-29 08:35:06',NULL),(68,23,43,122,1,'2017-11-29 13:56:59',NULL),(69,42,62,145,1,'2017-12-02 01:55:07',NULL),(70,42,44,148,1,'2017-12-02 21:48:59',NULL),(71,42,44,147,1,'2017-12-02 21:49:01',NULL),(72,42,44,145,1,'2017-12-02 21:49:03',NULL),(73,42,44,146,1,'2017-12-02 21:51:49',NULL),(74,23,63,88,1,'2017-12-04 10:29:23',NULL),(75,23,63,141,1,'2017-12-04 10:29:24',NULL),(76,23,63,136,1,'2017-12-04 10:29:27',NULL),(77,23,63,122,1,'2017-12-04 10:29:33',NULL),(78,23,63,125,1,'2017-12-04 10:29:34',NULL),(79,23,63,127,1,'2017-12-04 10:39:03',NULL),(80,23,63,119,1,'2017-12-04 10:57:37',NULL),(81,52,44,162,1,'2017-12-13 02:33:04',NULL),(82,55,44,169,1,'2017-12-18 14:22:28',NULL),(83,27,44,132,1,'2017-12-18 14:22:56',NULL),(84,42,44,144,1,'2017-12-23 21:12:15',NULL),(85,27,44,133,1,'2017-12-23 21:13:28',NULL),(86,58,43,180,1,'2018-01-05 10:09:22',NULL),(87,25,84,86,1,'2018-01-22 09:11:12',NULL),(88,25,84,85,1,'2018-01-22 09:11:17',NULL),(89,68,44,181,1,'2018-01-30 19:55:39',NULL),(90,71,44,186,1,'2018-02-04 08:30:15',NULL),(91,71,62,186,1,'2018-02-06 22:39:58',NULL),(92,72,117,188,1,'2018-02-07 07:39:45',NULL),(93,75,117,189,1,'2018-02-08 06:00:32',NULL),(94,73,122,194,0,'2018-02-09 08:23:09',NULL);
/*!40000 ALTER TABLE `event_media_like` ENABLE KEYS */;
UNLOCK TABLES;

--
-- Table structure for table `event_posts`
--

DROP TABLE IF EXISTS `event_posts`;
/*!40101 SET @saved_cs_client     = @@character_set_client */;
/*!40101 SET character_set_client = utf8 */;
CREATE TABLE `event_posts` (
  `event_post_id` int(11) NOT NULL AUTO_INCREMENT,
  `event_id` int(11) DEFAULT NULL,
  `post_type` varchar(20) DEFAULT NULL,
  `post_data` text,
  `post_by` int(11) DEFAULT NULL,
  `post_status` varchar(20) DEFAULT NULL,
  `like_count` int(11) DEFAULT '0',
  `created_at` datetime DEFAULT CURRENT_TIMESTAMP,
  `updated_at` datetime DEFAULT CURRENT_TIMESTAMP ON UPDATE CURRENT_TIMESTAMP,
  `isdeleted` int(11) DEFAULT '0' COMMENT '0-Not Deleted; 1-Deleted',
  PRIMARY KEY (`event_post_id`)
) ENGINE=MyISAM AUTO_INCREMENT=198 DEFAULT CHARSET=latin1;
/*!40101 SET character_set_client = @saved_cs_client */;

--
-- Dumping data for table `event_posts`
--

LOCK TABLES `event_posts` WRITE;
/*!40000 ALTER TABLE `event_posts` DISABLE KEYS */;
INSERT INTO `event_posts` VALUES (85,25,'image','https://s3-us-west-2.amazonaws.com/tempoproduction/event_post/1.jpeg',45,'',3,'2017-10-10 18:49:25','2018-01-22 09:11:17',0),(86,25,'image','https://s3-us-west-2.amazonaws.com/tempoproduction/event_post/86.jpeg',45,'',2,'2017-10-11 18:09:43','2018-01-22 09:11:12',0),(87,23,'image','https://s3-us-west-2.amazonaws.com/tempoproduction/event_post/87.jpeg',43,'',1,'2017-10-12 11:55:06','2017-12-04 14:04:31',0),(88,23,'image','https://s3-us-west-2.amazonaws.com/tempoproduction/event_post/88.jpeg',43,'',1,'2017-10-12 11:56:25','2017-12-04 10:29:23',0),(89,26,'image','https://s3-us-west-2.amazonaws.com/tempoproduction/event_post/89.jpeg',44,'',1,'2017-10-17 19:33:36','2017-11-17 22:25:02',0),(90,30,'video','https://s3-us-west-2.amazonaws.com/tempoproduction/event_post/90.mov',44,'',2,'2017-10-17 23:59:02','2017-11-17 22:21:02',0),(91,28,'image','https://s3-us-west-2.amazonaws.com/tempoproduction/event_post/91.jpeg',44,'',1,'2017-10-20 05:54:42','2017-11-17 22:24:36',0),(92,27,'video','https://s3-us-west-2.amazonaws.com/tempoproduction/event_post/92.mov',44,'',1,'2017-10-22 23:33:01','2017-11-17 22:20:38',0),(93,26,'video','https://s3-us-west-2.amazonaws.com/tempoproduction/event_post/93.mov',44,'',1,'2017-10-22 23:33:39','2017-11-20 13:43:08',0),(94,26,'video','https://s3-us-west-2.amazonaws.com/tempoproduction/event_post/94.mov',44,'',1,'2017-10-23 21:53:48','2017-11-29 16:55:27',0),(95,27,'video','https://s3-us-west-2.amazonaws.com/tempoproduction/event_post/95.mov',44,'',3,'2017-10-23 21:53:48','2017-11-17 22:20:36',0),(96,28,'video','https://s3-us-west-2.amazonaws.com/tempoproduction/event_post/96.mov',44,'',0,'2017-10-23 21:53:48','2017-10-23 21:53:48',0),(97,29,'video','https://s3-us-west-2.amazonaws.com/tempoproduction/event_post/97.mov',44,'',1,'2017-10-23 21:53:49','2017-11-17 22:24:28',0),(98,30,'video','https://s3-us-west-2.amazonaws.com/tempoproduction/event_post/98.mov',44,'',1,'2017-10-23 21:53:49','2017-11-17 22:21:01',0),(99,32,'video','https://s3-us-west-2.amazonaws.com/tempoproduction/event_post/98.mov',44,'',1,'2017-10-23 21:53:49','2017-11-17 22:21:36',0),(100,32,'image','https://s3-us-west-2.amazonaws.com/tempoproduction/event_post/98.jpeg',44,'',1,'2017-10-24 17:07:13','2017-11-17 22:21:34',0),(101,32,'video','https://s3-us-west-2.amazonaws.com/tempoproduction/event_post/101.mov',44,'',1,'2017-10-24 22:12:54','2017-11-17 22:21:33',0),(102,27,'image','https://s3-us-west-2.amazonaws.com/tempoproduction/event_post/102.jpeg',62,'',0,'2017-10-29 03:37:30','2017-10-29 03:37:30',0),(103,27,'video','https://s3-us-west-2.amazonaws.com/tempoproduction/event_post/103.mov',62,'',1,'2017-10-29 03:38:35','2017-11-17 22:20:45',0),(104,30,'video','https://s3-us-west-2.amazonaws.com/tempoproduction/event_post/104.mov',62,'',1,'2017-10-29 03:38:35','2017-11-17 22:20:59',0),(105,26,'video','https://s3-us-west-2.amazonaws.com/tempoproduction/event_post/104.mov',44,'',1,'2017-11-02 20:29:03','2017-11-17 22:24:59',0),(106,27,'video','https://s3-us-west-2.amazonaws.com/tempoproduction/event_post/106.mov',44,'',1,'2017-11-02 20:29:03','2017-11-17 22:20:44',0),(107,28,'video','https://s3-us-west-2.amazonaws.com/tempoproduction/event_post/107.mov',44,'',1,'2017-11-02 20:29:03','2017-11-17 22:24:34',0),(108,23,'image','https://s3-us-west-2.amazonaws.com/tempoproduction/event_post/108.png',43,'',0,'2017-11-03 12:32:42','2017-11-03 12:32:42',0),(109,26,'video','https://s3-us-west-2.amazonaws.com/tempoproduction/event_post/109.mov',44,'',1,'2017-11-07 16:55:20','2017-11-16 22:08:21',0),(110,27,'video','https://s3-us-west-2.amazonaws.com/tempoproduction/event_post/110.mov',44,'',1,'2017-11-07 16:55:21','2017-11-17 22:20:42',0),(111,28,'video','https://s3-us-west-2.amazonaws.com/tempoproduction/event_post/111.mov',44,'',1,'2017-11-07 16:55:21','2017-11-17 22:24:32',0),(112,29,'video','https://s3-us-west-2.amazonaws.com/tempoproduction/event_post/111.mov',44,'',0,'2017-11-07 16:55:21','2017-11-07 16:55:21',0),(113,30,'video','https://s3-us-west-2.amazonaws.com/tempoproduction/event_post/111.mov',44,'',1,'2017-11-07 16:55:21','2017-11-16 22:08:15',0),(114,32,'video','https://s3-us-west-2.amazonaws.com/tempoproduction/event_post/111.mov',44,'',0,'2017-11-07 16:55:21','2017-12-01 17:57:00',0),(115,26,'image','https://s3-us-west-2.amazonaws.com/tempoproduction/event_post/111.png',44,'',1,'2017-11-11 23:33:34','2017-11-20 13:43:00',0),(116,23,'video','https://s3-us-west-2.amazonaws.com/tempoproduction/event_post/116.mov',43,'',0,'2017-11-17 08:53:22','2017-11-17 08:53:22',0),(117,23,'image','https://s3-us-west-2.amazonaws.com/tempoproduction/event_post/117.png',43,'',0,'2017-11-17 08:56:24','2017-11-17 08:56:24',0),(118,30,'image','https://s3-us-west-2.amazonaws.com/tempoproduction/event_post/118.png',44,'',1,'2017-11-17 21:05:24','2017-11-17 22:20:56',0),(144,42,'video','https://s3-us-west-2.amazonaws.com/tempoproduction/event_post/144.mov',44,'',1,'2017-12-02 01:28:34','2017-12-23 21:12:15',0),(119,23,'video','https://s3-us-west-2.amazonaws.com/tempoproduction/event_post/119.mov',43,'',1,'2017-11-27 08:12:06','2017-12-04 10:57:37',0),(120,23,'video','https://s3-us-west-2.amazonaws.com/tempoproduction/event_post/120.mov',43,'',0,'2017-11-27 08:17:15','2017-11-27 08:17:15',0),(121,23,'image','https://s3-us-west-2.amazonaws.com/tempoproduction/event_post/121.png',43,'',0,'2017-11-27 08:21:03','2017-11-27 08:21:03',0),(122,23,'image','https://s3-us-west-2.amazonaws.com/tempoproduction/event_post/122.jpeg',43,'',2,'2017-11-27 08:35:47','2017-12-04 10:29:33',0),(123,23,'image','https://s3-us-west-2.amazonaws.com/tempoproduction/event_post/123.jpeg',43,'',0,'2017-11-27 08:39:26','2017-11-27 08:39:26',0),(124,23,'video','https://s3-us-west-2.amazonaws.com/tempoproduction/event_post/124.mov',43,'',0,'2017-11-27 08:43:51','2017-11-27 08:43:51',0),(125,23,'video','https://s3-us-west-2.amazonaws.com/tempoproduction/event_post/125.mov',43,'',1,'2017-11-27 08:46:50','2017-12-04 10:29:34',0),(126,23,'image','https://s3-us-west-2.amazonaws.com/tempoproduction/event_post/126.jpeg',43,'',0,'2017-11-27 08:52:00','2017-11-29 06:54:40',0),(127,23,'image','https://s3-us-west-2.amazonaws.com/tempoproduction/event_post/127.jpeg',43,'',1,'2017-11-27 08:52:22','2017-12-04 10:39:03',0),(128,23,'video','https://s3-us-west-2.amazonaws.com/tempoproduction/event_post/128.mov',43,'',2,'2017-11-27 08:57:54','2017-11-29 11:50:57',0),(129,23,'image','https://s3-us-west-2.amazonaws.com/tempoproduction/event_post/129.jpeg',43,'',1,'2017-11-27 08:58:11','2017-11-29 12:09:30',0),(130,26,'video','https://s3-us-west-2.amazonaws.com/tempoproduction/event_post/130.mov',44,'',0,'2017-11-27 14:27:01','2017-11-27 14:27:01',0),(131,26,'video','https://s3-us-west-2.amazonaws.com/tempoproduction/event_post/131.mov',44,'',0,'2017-11-27 14:30:34','2017-11-27 14:30:34',0),(132,27,'video','https://s3-us-west-2.amazonaws.com/tempoproduction/event_post/132.mov',44,'',1,'2017-11-27 19:20:56','2017-12-18 14:22:56',0),(133,27,'image','https://s3-us-west-2.amazonaws.com/tempoproduction/event_post/133.jpeg',44,'',1,'2017-11-29 16:59:36','2017-12-23 21:13:28',0),(134,23,'image','https://s3-us-west-2.amazonaws.com/tempoproduction/event_post/134.jpeg',43,'',0,'2017-11-30 12:06:07','2017-11-30 12:06:07',0),(135,23,'image','https://s3-us-west-2.amazonaws.com/tempoproduction/event_post/135.jpeg',43,'',0,'2017-12-01 09:05:37','2017-12-01 09:05:37',0),(136,23,'video','https://s3-us-west-2.amazonaws.com/tempoproduction/event_post/136.mov',43,'',1,'2017-12-01 11:10:44','2017-12-04 10:29:27',0),(137,23,'video','https://s3-us-west-2.amazonaws.com/tempoproduction/event_post/137.mov',43,'',0,'2017-12-01 12:59:35','2017-12-01 12:59:35',0),(138,23,'video','https://s3-us-west-2.amazonaws.com/tempoproduction/event_post/138.mov',43,'',0,'2017-12-01 13:02:26','2017-12-01 13:02:26',0),(139,38,'video','https://s3-us-west-2.amazonaws.com/tempoproduction/event_post/139.mov',63,'',0,'2017-12-01 13:17:11','2017-12-01 13:17:11',0),(140,38,'video','https://s3-us-west-2.amazonaws.com/tempoproduction/event_post/140.mov',63,'',0,'2017-12-01 13:26:16','2017-12-01 13:26:16',0),(141,23,'image','https://s3-us-west-2.amazonaws.com/tempoproduction/event_post/141.jpeg',43,'',1,'2017-12-01 15:09:35','2017-12-04 10:29:24',0),(142,23,'video','https://s3-us-west-2.amazonaws.com/tempoproduction/event_post/142.mov',43,'',0,'2017-12-01 15:10:02','2017-12-01 15:10:02',0),(143,26,'video','https://s3-us-west-2.amazonaws.com/tempoproduction/event_post/143.mov',44,'',0,'2017-12-01 17:48:32','2017-12-01 17:48:32',0),(145,42,'video','https://s3-us-west-2.amazonaws.com/tempoproduction/event_post/145.mov',44,'',2,'2017-12-02 01:28:47','2017-12-23 21:12:08',0),(146,42,'video','https://s3-us-west-2.amazonaws.com/tempoproduction/event_post/146.mov',44,'',1,'2017-12-02 01:44:51','2017-12-02 21:51:49',0),(147,42,'image','https://s3-us-west-2.amazonaws.com/tempoproduction/event_post/147.jpeg',44,'',1,'2017-12-02 02:37:48','2017-12-02 21:49:01',0),(148,42,'video','https://s3-us-west-2.amazonaws.com/tempoproduction/event_post/148.mov',44,'',1,'2017-12-02 03:04:59','2018-01-10 02:40:21',0),(149,38,'image','https://s3-us-west-2.amazonaws.com/tempoproduction/event_post/149.jpeg',63,'',0,'2017-12-04 11:46:24','2017-12-04 11:46:24',0),(150,23,'image','https://s3-us-west-2.amazonaws.com/tempoproduction/event_post/150.jpeg',43,'',0,'2017-12-04 14:18:58','2017-12-04 14:18:58',0),(151,23,'video','https://s3-us-west-2.amazonaws.com/tempoproduction/event_post/151.mov',63,'',0,'2017-12-04 14:41:16','2017-12-04 14:41:16',0),(152,23,'video','https://s3-us-west-2.amazonaws.com/tempoproduction/event_post/152.mov',43,'',0,'2017-12-04 16:19:06','2017-12-04 16:19:06',0),(153,23,'video','https://s3-us-west-2.amazonaws.com/tempoproduction/event_post/153.mov',43,'',0,'2017-12-04 16:31:53','2017-12-04 16:31:53',0),(154,23,'video','https://s3-us-west-2.amazonaws.com/tempoproduction/event_post/154.mov',63,'',0,'2017-12-05 08:31:57','2017-12-05 08:31:57',0),(155,23,'video','https://s3-us-west-2.amazonaws.com/tempoproduction/event_post/155.mov',63,'',0,'2017-12-05 08:33:02','2017-12-05 08:33:02',0),(156,23,'video','https://s3-us-west-2.amazonaws.com/tempoproduction/event_post/156.mov',63,'',0,'2017-12-05 08:39:05','2017-12-05 08:39:05',0),(157,2,'image','https://s3-us-west-2.amazonaws.com/tempoproduction/event_post/157.jpg',1,'',0,'2017-12-05 09:35:23','2017-12-05 09:35:23',0),(158,2,'image','https://s3-us-west-2.amazonaws.com/tempoproduction/event_post/158.jpg',1,'',0,'2017-12-05 09:36:08','2017-12-05 09:36:08',0),(159,23,'video','https://s3-us-west-2.amazonaws.com/tempoproduction/event_post/159.mov',63,'',0,'2017-12-05 09:50:18','2017-12-05 09:50:18',0),(160,29,'image','https://s3-us-west-2.amazonaws.com/tempoproduction/event_post/160.jpeg',44,'',0,'2017-12-06 23:06:39','2017-12-06 23:06:39',0),(161,50,'image','https://s3-us-west-2.amazonaws.com/tempoproduction/event_post/161.jpeg',43,'',0,'2017-12-12 12:09:57','2017-12-12 12:09:57',0),(162,52,'image','https://s3-us-west-2.amazonaws.com/tempoproduction/event_post/162.jpeg',44,'',1,'2017-12-13 02:31:15','2017-12-20 04:06:05',0),(163,54,'video','https://s3-us-west-2.amazonaws.com/tempoproduction/event_post/163.mov',44,'',0,'2017-12-15 04:09:21','2017-12-15 04:09:21',0),(164,54,'video','https://s3-us-west-2.amazonaws.com/tempoproduction/event_post/164.mov',44,'',0,'2017-12-15 04:09:22','2017-12-15 04:09:22',0),(165,54,'video','https://s3-us-west-2.amazonaws.com/tempoproduction/event_post/165.mov',44,'',0,'2017-12-15 07:36:20','2017-12-15 07:36:20',0),(166,55,'video','https://s3-us-west-2.amazonaws.com/tempoproduction/event_post/166.mov',44,'',0,'2017-12-16 02:36:56','2017-12-16 02:36:56',0),(167,55,'video','https://s3-us-west-2.amazonaws.com/tempoproduction/event_post/167.mov',44,'',0,'2017-12-16 02:37:19','2017-12-16 02:37:19',0),(168,55,'video','https://s3-us-west-2.amazonaws.com/tempoproduction/event_post/168.mov',44,'',0,'2017-12-16 02:37:40','2017-12-16 02:37:40',0),(169,55,'video','https://s3-us-west-2.amazonaws.com/tempoproduction/event_post/169.mov',44,'',1,'2017-12-16 02:38:03','2017-12-18 14:22:36',0),(170,56,'image','https://s3-us-west-2.amazonaws.com/tempoproduction/event_post/170.jpeg',43,'',0,'2018-01-03 12:03:45','2018-01-03 12:03:45',0),(171,6,'image','',0,'',0,'2018-01-04 08:30:49','2018-01-04 08:30:49',0),(172,6,'image','',0,'',0,'2018-01-04 08:32:08','2018-01-04 08:32:08',0),(173,6,'image','https://s3-us-west-2.amazonaws.com/tempoproduction/event_post/173.jpg',3,'',0,'2018-01-04 08:55:32','2018-01-04 08:55:32',0),(174,57,'image','https://s3-us-west-2.amazonaws.com/tempoproduction/event_post/174.png',63,'',0,'2018-01-04 08:55:51','2018-01-04 08:55:51',0),(175,56,'image','https://s3-us-west-2.amazonaws.com/tempoproduction/event_post/175.jpeg',43,'',0,'2018-01-05 09:19:38','2018-01-05 09:19:38',0),(176,56,'image','https://s3-us-west-2.amazonaws.com/tempoproduction/event_post/176.jpeg',43,'',0,'2018-01-05 09:51:50','2018-01-05 09:51:50',0),(177,56,'image','https://s3-us-west-2.amazonaws.com/tempoproduction/event_post/177.jpeg',43,'',0,'2018-01-05 09:59:52','2018-01-05 09:59:52',0),(178,56,'image','https://s3-us-west-2.amazonaws.com/tempoproduction/event_post/178.jpeg',43,'',0,'2018-01-05 10:01:04','2018-01-05 10:01:04',0),(179,58,'image','https://s3-us-west-2.amazonaws.com/tempoproduction/event_post/179.jpeg',43,'',0,'2018-01-05 10:04:57','2018-01-05 10:04:57',0),(180,58,'video','https://s3-us-west-2.amazonaws.com/tempoproduction/event_post/180.mov',43,'',1,'2018-01-05 10:07:46','2018-01-05 10:09:22',0),(181,68,'image','https://s3-us-west-2.amazonaws.com/tempoproduction/event_post/181.jpeg',44,'',1,'2018-01-30 19:54:03','2018-01-30 19:55:39',0),(182,68,'image','https://s3-us-west-2.amazonaws.com/tempoproduction/event_post/182.jpeg',44,'',0,'2018-01-30 20:02:04','2018-01-30 20:02:04',0),(183,70,'video','https://s3-us-west-2.amazonaws.com/tempoproduction/event_post/183.mov',44,'',0,'2018-02-01 17:42:29','2018-02-01 17:42:29',0),(184,70,'video','https://s3-us-west-2.amazonaws.com/tempoproduction/event_post/184.mov',44,'',0,'2018-02-01 17:42:29','2018-02-01 17:42:29',0),(185,71,'video','https://s3-us-west-2.amazonaws.com/tempoproduction/event_post/184.mov',44,'',0,'2018-02-04 08:29:10','2018-02-04 08:29:10',0),(186,71,'video','https://s3-us-west-2.amazonaws.com/tempoproduction/event_post/186.mov',44,'',2,'2018-02-04 08:29:14','2018-02-06 22:39:58',0),(187,71,'video','https://s3-us-west-2.amazonaws.com/tempoproduction/event_post/187.mov',44,'',0,'2018-02-04 08:32:48','2018-02-04 08:32:48',0),(188,72,'image','https://s3-us-west-2.amazonaws.com/tempoproduction/event_post/188.jpeg',117,'',1,'2018-02-07 07:29:27','2018-02-07 07:39:45',0),(189,75,'image','https://s3-us-west-2.amazonaws.com/tempoproduction/event_post/189.jpeg',117,'',1,'2018-02-08 05:59:28','2018-02-08 06:00:32',0),(190,76,'image','https://s3-us-west-2.amazonaws.com/tempoproduction/event_post/190.jpeg',84,'',0,'2018-02-08 11:58:11','2018-02-08 11:58:11',0),(191,76,'image','https://s3-us-west-2.amazonaws.com/tempoproduction/event_post/191.jpeg',117,'',0,'2018-02-08 12:07:03','2018-02-08 12:07:03',0),(192,73,'video','https://s3-us-west-2.amazonaws.com/tempoproduction/event_post/192.mov',44,'',0,'2018-02-08 12:32:04','2018-02-08 12:32:04',0),(193,73,'video','https://s3-us-west-2.amazonaws.com/tempoproduction/event_post/193.mov',44,'',0,'2018-02-08 12:49:59','2018-02-08 12:49:59',0),(194,73,'video','https://s3-us-west-2.amazonaws.com/tempoproduction/event_post/194.mov',44,'',0,'2018-02-08 13:57:06','2018-02-09 08:23:10',0),(195,73,'image','https://s3-us-west-2.amazonaws.com/tempoproduction/event_post/195.jpeg',44,'',0,'2018-02-09 00:14:51','2018-02-09 00:14:51',0),(196,77,'video','https://s3-us-west-2.amazonaws.com/tempoproduction/event_post/196.mov',105,'',0,'2018-02-09 00:18:15','2018-02-09 00:18:15',0),(197,73,'video','https://s3-us-west-2.amazonaws.com/tempoproduction/event_post/197.mov',44,'',0,'2018-02-09 12:27:41','2018-02-09 12:27:41',0);
/*!40000 ALTER TABLE `event_posts` ENABLE KEYS */;
UNLOCK TABLES;

--
-- Table structure for table `event_posts_to`
--

DROP TABLE IF EXISTS `event_posts_to`;
/*!40101 SET @saved_cs_client     = @@character_set_client */;
/*!40101 SET character_set_client = utf8 */;
CREATE TABLE `event_posts_to` (
  `event_post_to_id` int(11) NOT NULL,
  `event_post_id` int(11) DEFAULT NULL,
  `posted_to` int(11) NOT NULL,
  `created_at` datetime NOT NULL DEFAULT CURRENT_TIMESTAMP,
  `updated_at` datetime NOT NULL DEFAULT CURRENT_TIMESTAMP ON UPDATE CURRENT_TIMESTAMP
) ENGINE=InnoDB DEFAULT CHARSET=latin1;
/*!40101 SET character_set_client = @saved_cs_client */;

--
-- Dumping data for table `event_posts_to`
--

LOCK TABLES `event_posts_to` WRITE;
/*!40000 ALTER TABLE `event_posts_to` DISABLE KEYS */;
/*!40000 ALTER TABLE `event_posts_to` ENABLE KEYS */;
UNLOCK TABLES;

--
-- Table structure for table `eventpost_comments`
--

DROP TABLE IF EXISTS `eventpost_comments`;
/*!40101 SET @saved_cs_client     = @@character_set_client */;
/*!40101 SET character_set_client = utf8 */;
CREATE TABLE `eventpost_comments` (
  `event_comment_id` int(11) NOT NULL AUTO_INCREMENT,
  `event_id` int(11) DEFAULT NULL,
  `event_post_id` int(11) DEFAULT NULL,
  `comment_type` varchar(20) DEFAULT NULL,
  `comment_data` text,
  `created_at` datetime DEFAULT NULL,
  `updated_at` datetime DEFAULT NULL,
  `comment_status` varchar(20) DEFAULT NULL,
  PRIMARY KEY (`event_comment_id`)
) ENGINE=MyISAM DEFAULT CHARSET=latin1;
/*!40101 SET character_set_client = @saved_cs_client */;

--
-- Dumping data for table `eventpost_comments`
--

LOCK TABLES `eventpost_comments` WRITE;
/*!40000 ALTER TABLE `eventpost_comments` DISABLE KEYS */;
/*!40000 ALTER TABLE `eventpost_comments` ENABLE KEYS */;
UNLOCK TABLES;

--
-- Table structure for table `events`
--

DROP TABLE IF EXISTS `events`;
/*!40101 SET @saved_cs_client     = @@character_set_client */;
/*!40101 SET character_set_client = utf8 */;
CREATE TABLE `events` (
  `event_id` int(11) NOT NULL AUTO_INCREMENT,
  `event_host` varchar(50) DEFAULT NULL,
  `event_name` varchar(50) DEFAULT NULL,
  `event_description` text,
  `event_category` varchar(11) DEFAULT NULL,
  `event_start_datetime` datetime DEFAULT NULL,
  `event_end_datetime` datetime DEFAULT NULL,
  `is_published` varchar(11) DEFAULT NULL,
  `is_private` varchar(11) DEFAULT NULL,
  `promotion_image1` varchar(250) DEFAULT NULL,
  `promotion_image2` varchar(250) DEFAULT NULL,
  `promotion_image3` varchar(250) DEFAULT NULL,
  `key_words` varchar(50) DEFAULT NULL,
  `event_venu` varchar(50) DEFAULT NULL,
  `event_address` varchar(50) DEFAULT NULL,
  `event_zipcode` varchar(20) DEFAULT NULL,
  `event_city` varchar(50) DEFAULT NULL,
  `event_state` varchar(50) DEFAULT NULL,
  `event_country` varchar(50) DEFAULT NULL,
  `latitude` float DEFAULT NULL,
  `longitude` float DEFAULT NULL,
  `max_no_of_seats` int(11) DEFAULT NULL,
  `per_seat_cost` float DEFAULT NULL,
  `created_by_user` varchar(50) DEFAULT NULL,
  `event_publised_on` datetime DEFAULT NULL,
  `updated_by` varchar(11) DEFAULT NULL,
  `event_status` varchar(11) DEFAULT NULL,
  `created_at` datetime DEFAULT CURRENT_TIMESTAMP,
  `updated_at` datetime DEFAULT CURRENT_TIMESTAMP ON UPDATE CURRENT_TIMESTAMP,
  `guest_can_invite_friend` varchar(10) DEFAULT NULL,
  `event_rating` float DEFAULT NULL,
  `last_value` float DEFAULT NULL,
  `isdeleted` int(11) DEFAULT '0' COMMENT '0-Not Deleted; 1-Deleted',
  PRIMARY KEY (`event_id`)
) ENGINE=MyISAM AUTO_INCREMENT=79 DEFAULT CHARSET=latin1;
/*!40101 SET character_set_client = @saved_cs_client */;

--
-- Dumping data for table `events`
--

LOCK TABLES `events` WRITE;
/*!40000 ALTER TABLE `events` DISABLE KEYS */;
INSERT INTO `events` VALUES (23,'','Weekend Party','Weekend Party','','2017-10-13 14:40:19','2017-10-15 06:38:44','1','0','https://s3-us-west-2.amazonaws.com/tempoproduction/promotionalimages/23_promo1_1507617565.jpeg','','','','Katol Road','Katol Road, Seminary Hills, Nagpur - 440001, Mahar','440001','Nagpur','Maharashtra','India',21.1745,79.0562,10000,50,'43','2017-10-10 06:39:21',NULL,'published','2017-10-10 06:39:21','2017-12-04 11:59:46','1',39.4091,39.4091,0),(24,'','No Where','No where','','2017-10-10 18:45:37','2017-10-12 18:45:40','1','0','https://s3-us-west-2.amazonaws.com/tempoproduction/promotionalimages/24_promo1_1507661182.jpeg','','','','Sadler Court','7401 Sadler Court, Sugar Land, TX 77479, United St','77479','Sugar Land','Texas','United States of America',29.5913,-95.647,10000,50,'45','2017-10-10 18:46:20',NULL,'published','2017-10-10 18:46:20','2017-11-17 09:14:14','1',30,30,0),(25,'','Stop????','Adopt ','','2017-10-10 18:47:48','2017-10-12 18:47:53','1','0','https://s3-us-west-2.amazonaws.com/tempoproduction/promotionalimages/25_promo1_1507661295.jpeg','','','','Sadler Court','7401 Sadler Court, Sugar Land, TX 77479, United St','77479','Sugar Land','Texas','United States of America',29.5913,-95.647,10000,50,'45','2017-10-10 18:48:15',NULL,'published','2017-10-10 18:48:15','2017-12-01 03:49:56','1',263,263,0),(26,'','Event ','Test','','2017-10-11 20:21:33','2017-10-12 20:21:35','1','0','https://s3-us-west-2.amazonaws.com/tempoproduction/promotionalimages/26_promo1_1507753300.jpeg','','','','Saluda Creek Lane','5733 Saluda Creek Lane, Houston, TX 77085, United ','77085','Houston','Texas','United States of America',29.6393,-95.4697,10000,50,'44','2017-10-14 20:35:41',NULL,'published','2017-10-11 20:21:39','2018-01-30 22:11:35','1',2,2,1),(27,'','Vibe session','Vibes at 2513, come through for an experience','','2017-11-13 05:36:59','2017-11-15 04:37:09','1','0','https://s3-us-west-2.amazonaws.com/tempoproduction/promotionalimages/27_promo1_1508266560.jpeg','','','','Saint Charles Street','662 Saint Charles Street, Houston, TX 77003, Unite','77003','Houston','Texas','United States of America',29.7518,-95.3501,10000,50,'62','2017-10-29 03:37:13',NULL,'published','2017-10-17 18:55:59','2018-01-30 22:11:28','1',32.375,32.375,0),(28,'','Test ','Hey ','','2017-02-11 00:39:55','2017-10-19 23:40:05','1','0','https://s3-us-west-2.amazonaws.com/tempoproduction/promotionalimages/28_promo1_1508283653.jpeg','','','','Sadler Court','7401 Sadler Court, Sugar Land, TX 77479, United St','77479','Sugar Land','Texas','United States of America',29.5913,-95.647,10000,50,'44','2017-10-17 23:40:52',NULL,'published','2017-10-17 23:40:52','2018-01-30 22:11:37','1',2,2,1),(29,'','Surprise ','Surprise surprise ','','2017-10-23 23:51:53','2017-10-25 23:52:01','1','0','https://s3-us-west-2.amazonaws.com/tempoproduction/promotionalimages/29_promo1_1508284362.jpeg','','','','Connies Court Lane','4611 Connies Court Lane, Missouri City, TX 77459, ','77459','Missouri City','Texas','United States of America',29.5835,-95.5789,10000,50,'44','2017-10-17 23:52:40',NULL,'published','2017-10-17 23:52:40','2018-01-30 22:11:33','1',4,4,1),(30,'','Celtics @ Cavs ','Nba kickoff ','','2017-10-18 01:55:16','2017-10-17 05:55:43','1','0','https://s3-us-west-2.amazonaws.com/tempoproduction/promotionalimages/30_promo1_1508284671.jpeg','','','','Sadler Court','7401 Sadler Court, Sugar Land, TX 77479, United St','77479','Sugar Land','Texas','United States of America',29.5913,-95.647,10000,50,'44','2017-10-17 23:57:51',NULL,'published','2017-10-17 23:57:51','2018-01-30 22:11:31','1',9,9,1),(31,'','Crossfit Comptition ','Cascade Classic 2017 in Seattle','','2017-10-21 16:29:42','2017-10-22 03:28:48','1','0','https://s3-us-west-2.amazonaws.com/tempoproduction/promotionalimages/31_promo1_1508606417.jpeg','','','','Northeast 74th Street','Hangar 30, 6310 Northeast 74th Street, Seattle, WA','98115','Seattle','Washington','United States of America',47.6828,-122.261,10000,50,'66','2017-10-21 17:20:07',NULL,'published','2017-10-21 17:20:07','2017-10-21 17:20:17','1',1,1,0),(32,'','Hey','Nothing ','','2017-10-23 17:54:28','2017-10-23 18:54:30','1','0','https://s3-us-west-2.amazonaws.com/tempoproduction/promotionalimages/32_promo1_1508781295.jpeg','','','','Sadler Court','7401 Sadler Court, Sugar Land, TX 77479, United St','77479','Sugar Land','Texas','United States of America',29.5913,-95.647,10000,50,'44','2017-10-23 17:54:54',NULL,'published','2017-10-23 17:54:54','2018-01-30 22:11:26','1',4,4,1),(33,'','School','boring ','','2017-12-01 15:42:49','2017-10-24 19:45:43','1','0','https://s3-us-west-2.amazonaws.com/tempoproduction/promotionalimages/33_promo1_1508851172.jpeg','','','','Pheasant Creek Drive','Pheasant Creek Drive, Four Corners, TX 77498, Unit','77498','','Texas','United States of America',29.6384,-95.6765,10000,50,'50','2017-12-01 03:43:02',NULL,'published','2017-10-24 13:19:29','2017-12-01 03:43:02','1',47.5,47.5,0),(34,'','Test','Test','','2017-11-03 14:33:21','2017-11-03 14:33:23','1','0','https://s3-us-west-2.amazonaws.com/tempoproduction/promotionalimages/34_promo1_1509719626.jpeg','','','','North Ambazari Road','Cafe Coffee Day, North Ambazari Road, Shivaji Naga','440001','Nagpur','Maharashtra','India',21.1318,79.0523,10000,50,'43','2017-11-03 14:33:43',NULL,'published','2017-11-03 14:33:43','2017-11-03 14:33:48','1',10.25,10.25,0),(35,'','Birthday ','Birthday ','','2017-11-26 12:43:07','2017-11-26 16:43:17','1','0','https://s3-us-west-2.amazonaws.com/tempoproduction/promotionalimages/35_promo1_1510746222.jpeg','','','','North Ambazari Road','Cafe Coffee Day, North Ambazari Road, Shivaji Naga','440001','Nagpur','Maharashtra','India',21.1318,79.0523,10000,50,'43','2017-11-15 11:43:38',NULL,'published','2017-11-15 11:43:38','2017-11-15 11:43:44','1',10,10,0),(36,'','Today','Today','','2017-11-15 12:30:20','2017-11-15 16:30:30','1','0','https://s3-us-west-2.amazonaws.com/tempoproduction/promotionalimages/36_promo1_1510746475.jpeg','','','','North Ambazari Road','Cafe Coffee Day, North Ambazari Road, Dharampeth, ','440001','Nagpur','Maharashtra','India',21.1318,79.0523,10000,50,'43','2017-11-15 11:47:52',NULL,'published','2017-11-15 11:47:52','2017-11-15 12:12:46','1',10,10,1),(37,'','Birthday','Bday','','2017-11-28 13:30:44','2017-11-27 17:00:03','1','0','https://s3-us-west-2.amazonaws.com/tempoproduction/promotionalimages/37_promo1_1511787543.jpeg','','','','Ghat Road','Shree Durga Mata Mandir, Ghat Road, Mominpura, Nag','440012','Nagpur','Maharashtra','India',21.1453,79.0882,10000,50,'43','2017-11-27 12:59:00',NULL,'published','2017-11-27 12:59:00','2017-11-27 12:59:04','1',43,43,0),(38,'','Launch Party','Launch','','2017-11-28 15:00:05','2017-11-28 17:07:18','1','0','https://s3-us-west-2.amazonaws.com/tempoproduction/promotionalimages/38_promo1_1511791822.jpeg','','','','','Nagpur, Saoner - 441107, Maharashtra, India','441107','','Maharashtra','India',21.3893,78.919,10000,50,'63','2017-11-27 14:10:20',NULL,'published','2017-11-27 14:10:20','2017-11-27 14:10:23','1',5.28572,5.28572,0),(39,'','TestEvent','This is only a test event','','2017-11-28 10:46:37','2017-11-28 17:46:40','1','0','https://s3-us-west-2.amazonaws.com/tempoproduction/promotionalimages/39_promo1_1511866053.jpeg','','','','','Bastar, Narayanpur ????????? - 494661, Chhattisgar','494661','','Chhattisgarh','India',19.738,81.1906,10000,50,'84','2017-11-28 10:47:30',NULL,'published','2017-11-28 10:47:30','2017-11-28 10:47:37','1',7.4,7.4,0),(40,'','Birthday bash','Birthday','','2017-11-30 14:45:21','2017-11-30 23:45:29','1','0','https://s3-us-west-2.amazonaws.com/tempoproduction/promotionalimages/40_promo1_1511952400.jpeg','','','','7, Wardha Rd, Panchdip Nagar, Samarth Nagar East','Radisson Blu Hotel Nagpur 7, Wardha Rd, Panchdip N','440015','Nagpur','Maharashtra','India',21.1058,79.0696,10000,50,'43','2017-11-29 11:02:12',NULL,'published','2017-11-29 10:46:37','2017-11-29 11:02:14','1',177,177,0),(41,'','Ugly Sweater Party','Free WiFi, movies and a good time ','','2017-12-10 00:30:19','2017-12-10 05:00:33','1','0','https://s3-us-west-2.amazonaws.com/tempoproduction/promotionalimages/41_promo1_1512099311.jpeg','','','','Hansford Ln','Hansford Lane, Hansford Ln, Sugar Land, TX 77479, ','77479','Sugar Land','TX','USA',29.603,-95.6686,10000,50,'44','2017-12-01 03:35:10',NULL,'published','2017-12-01 03:35:10','2018-02-07 18:39:16','1',365.5,365.5,0),(42,'','Trap Yoga & Tacos','Yoga and Tacos ','','2017-12-02 01:00:00','2017-12-02 04:00:13','1','0','https://s3-us-west-2.amazonaws.com/tempoproduction/promotionalimages/42_promo1_1512152870.jpeg','','','','2000 Edwards St','Silver Street Studios, 2000 Edwards St, Houston, T','77007','Houston','TX','USA',29.7713,-95.3782,10000,50,'44','2017-12-01 18:27:50',NULL,'published','2017-12-01 18:27:50','2018-02-07 18:39:25','1',2770.5,2770.5,0),(43,'','Party party ','Big party going on ','','2017-12-02 04:33:06','2017-12-03 04:33:10','1','0','https://s3-us-west-2.amazonaws.com/tempoproduction/promotionalimages/43_promo1_1512189250.jpeg','','','','5455 Richmond Ave','5455 Richmond Ave, 5455 Richmond Ave, Houston, TX ','77056','Houston','TX','USA',29.7307,-95.4729,10000,50,'41','2017-12-02 04:34:09',NULL,'published','2017-12-02 04:34:09','2017-12-02 04:34:10','1',1,1,0),(44,'','Weekend 12-09','Weekend ','','2017-12-09 14:30:15','2017-12-09 23:30:45','1','0','https://s3-us-west-2.amazonaws.com/tempoproduction/promotionalimages/44_promo1_1512368926.jpeg','','','','7, Wardha Rd, Panchdip Nagar, Samarth Nagar East','Radisson Blu Hotel Nagpur, 7, Wardha Rd, Panchdip ','440015','Nagpur','Maharashtra','India',21.1058,79.0696,10000,50,'43','2017-12-04 06:28:44',NULL,'published','2017-12-04 06:28:44','2017-12-04 07:29:35','1',2,2,1),(45,'','New event','Nee event','','2017-12-04 07:25:38','2017-12-05 00:25:40','1','0','https://s3-us-west-2.amazonaws.com/tempoproduction/promotionalimages/45_promo1_1512372401.jpeg','','','','','Chhatrapati Shivaji International Airport, Mumbai,','400099','Mumbai','Maharashtra','India',19.0896,72.8656,10000,50,'43','2017-12-04 07:26:39',NULL,'published','2017-12-04 07:26:39','2017-12-04 11:59:17','1',1,1,1),(46,'','Nee event','New event','','2017-12-04 07:31:43','2017-12-05 07:31:45','1','0','https://s3-us-west-2.amazonaws.com/tempoproduction/promotionalimages/46_promo1_1512372769.jpeg','','','','','Chhatrapati Shivaji International Airport, Mumbai,','400099','Mumbai','Maharashtra','India',19.0896,72.8656,10000,50,'43','2017-12-04 07:32:46',NULL,'published','2017-12-04 07:32:46','2017-12-04 12:16:29','1',7,7,0),(47,'','New Test','New test','','2017-12-04 08:20:45','2017-12-05 08:20:48','1','0','https://s3-us-west-2.amazonaws.com/tempoproduction/promotionalimages/47_promo1_1512375660.jpeg','','','','Bhavbhuti Marg, Kamla Market, Ajmeri Gate','New Delhi, Bhavbhuti Marg, Kamla Market, Ajmeri Ga','110006','New Delhi','Delhi','India',28.6418,77.2217,10000,50,'43','2017-12-04 08:20:59',NULL,'published','2017-12-04 08:20:59','2017-12-04 08:40:23','1',7,7,0),(48,'','New','New','','2017-12-04 12:03:55','2017-12-05 12:04:01','1','0','https://s3-us-west-2.amazonaws.com/tempoproduction/promotionalimages/48_promo1_1512389066.jpeg','','','','','Agra, Agra, Uttar Pradesh, India','','Agra','Uttar Pradesh','India',27.1767,78.0081,10000,50,'63','2017-12-04 12:04:24',NULL,'published','2017-12-04 12:04:24','2017-12-04 12:10:35','1',2,2,0),(49,'','Christmas party','at my friends houseeee','','2017-12-17 00:00:29','2017-12-17 03:30:17','1','0','https://s3-us-west-2.amazonaws.com/tempoproduction/promotionalimages/49_promo1_1512595797.jpeg','','','','Clay Road','Clay Road, Barker, TX 77084, United States of Amer','77084','','Texas','United States of America',29.8312,-95.7016,10000,50,'50','2017-12-06 21:29:57',NULL,'published','2017-12-06 21:29:57','2017-12-06 21:29:58','1',61,61,0),(50,'','New Year Eve','New Year Eve','','2017-12-31 15:00:22','2018-01-01 00:00:52','1','0','https://s3-us-west-2.amazonaws.com/tempoproduction/promotionalimages/50_promo1_1513072569.jpeg','','','','7, Wardha Rd, Panchdip Nagar, Samarth Nagar East','Radisson Blu Hotel Nagpur, 7, Wardha Rd, Panchdip ','440015','Nagpur','Maharashtra','India',21.1058,79.0696,10000,50,'43','2017-12-12 10:07:41',NULL,'published','2017-12-12 09:56:06','2017-12-12 10:08:07','1',2,2,0),(51,'','New week','New week','','2017-12-13 04:30:18','2017-12-14 12:10:39','1','0','https://s3-us-west-2.amazonaws.com/tempoproduction/promotionalimages/51_promo1_1513080710.jpeg','','','','Opposite Nagpur Airport, Wardha Road, Sonegaon, So','The Pride Hotel Nagpur, Opposite Nagpur Airport, W','440025','Nagpur','Maharashtra','India',21.087,79.0644,10000,50,'43','2017-12-12 12:16:58',NULL,'published','2017-12-12 12:11:49','2018-01-04 09:56:15','1',2,2,1),(52,'','Hostel Night ','Great Event','','2017-12-13 02:29:37','2017-12-14 02:29:42','1','0','https://s3-us-west-2.amazonaws.com/tempoproduction/promotionalimages/52_promo1_1513132256.jpeg','','','','235 Yamazakicho, Nakagyo-ku','THE MILLENNIALS KYOTO, 235 Yamazakicho, Nakagyo-ku','604','??? ??? Kyoto','fu','Japan',35.0075,135.769,10000,50,'44','2017-12-13 02:30:55',NULL,'published','2017-12-13 02:30:55','2018-01-09 03:35:22','1',1,1,1),(53,'','Test','Test','','2017-12-13 07:17:20','2017-12-15 07:17:22','1','0','https://s3-us-west-2.amazonaws.com/tempoproduction/promotionalimages/53_promo1_1513149802.jpeg','','','','7, Wardha Rd, Panchdip Nagar, Samarth Nagar East','Radisson Blu Hotel Nagpur, 7, Wardha Rd, Panchdip ','440015','Nagpur','Maharashtra','India',21.1058,79.0696,10000,50,'63','2017-12-13 07:23:18',NULL,'published','2017-12-13 07:23:18','2017-12-13 07:23:22','1',1,1,0),(54,'','Naha Beach Party','Best Beach Ever','','2017-12-15 03:31:51','2017-12-15 11:31:53','1','0','https://s3-us-west-2.amazonaws.com/tempoproduction/promotionalimages/54_promo1_1513308804.jpeg','','','','Japan, ?900-0037 Okinawa-ken','Naminoue Beach, Japan, ?900-0037 Okinawa-ken, Naha','1','Naha-shi','Wakasa','1 Chome?1?25???',26.2211,127.672,10000,50,'44','2017-12-15 03:33:23',NULL,'published','2017-12-15 03:33:23','2017-12-16 03:44:38','1',1,1,1),(55,'','Naha Beach Party 2','naminoue beach party ','','2017-12-16 02:35:08','2017-12-16 06:35:12','1','0','https://s3-us-west-2.amazonaws.com/tempoproduction/promotionalimages/55_promo1_1513391750.jpeg','','','','Japan, ?900-0037 Okinawa-ken','Naminoue Beach, Japan, ?900-0037 Okinawa-ken, Naha','1','Naha-shi','Wakasa','1 Chome?1?25???',26.2211,127.672,10000,50,'44','2017-12-16 02:35:49',NULL,'published','2017-12-16 02:35:49','2018-01-06 02:05:10','1',1,1,1),(56,'','New Year week','New year week','','2018-01-03 12:01:39','2018-01-05 12:01:49','1','0','https://s3-us-west-2.amazonaws.com/tempoproduction/promotionalimages/56_promo1_1514980987.jpeg','','','','7, Wardha Rd, Panchdip Nagar, Samarth Nagar East','Radisson Blu Hotel Nagpur, 7, Wardha Rd, Panchdip ','440015','Nagpur','Maharashtra','India',21.1058,79.0696,10000,50,'43','2018-01-03 12:03:05',NULL,'published','2018-01-03 12:03:05','2018-01-05 10:02:25','1',1,1,1),(57,'','Launch of ','Launch','','2018-01-04 08:28:13','2018-01-15 08:28:15','1','0','https://s3-us-west-2.amazonaws.com/tempoproduction/promotionalimages/57_promo1_1515054530.jpeg','','','','7, Wardha Rd, Panchdip Nagar, Samarth Nagar East','Radisson Blu Hotel Nagpur, 7, Wardha Rd, Panchdip ','440015','Nagpur','Maharashtra','India',21.1058,79.0696,10000,50,'63','2018-01-04 08:28:48',NULL,'published','2018-01-04 08:28:48','2018-01-04 08:28:50','1',1,1,0),(58,'','Win iPhone','Win IPhone','','2018-01-05 10:03:11','2018-01-08 10:03:14','1','0','https://s3-us-west-2.amazonaws.com/tempoproduction/promotionalimages/58_promo1_1515146647.jpeg','','','','7, Wardha Rd, Panchdip Nagar, Samarth Nagar East','Radisson Blu Hotel Nagpur, 7, Wardha Rd, Panchdip ','440015','Nagpur','Maharashtra','India',21.1058,79.0696,10000,50,'43','2018-01-05 10:04:05',NULL,'published','2018-01-05 10:04:05','2018-01-05 10:04:07','1',1,1,0),(59,'','Beginning of the Year Program','Adventist Youth Societies annual talent showcase.','','2018-01-07 00:00:48','2018-01-06 04:00:10','1','0','https://s3-us-west-2.amazonaws.com/tempoproduction/promotionalimages/59_promo1_1515198950.jpeg','','','','9595 Braes Bayou Dr','United African Seventh-Day Adventist Church, 9595 ','77074','Houston','TX','USA',29.6748,-95.5155,10000,50,'44','2018-01-06 00:35:49',NULL,'published','2018-01-06 00:35:49','2018-02-07 18:39:22','1',6,6,0),(60,'','Event','Hey','','2018-01-09 03:48:44','2018-01-09 05:48:48','1','0','https://s3-us-west-2.amazonaws.com/tempoproduction/promotionalimages/60_promo1_1515469813.jpeg','','','','7403 Sadler Ct','7403 Sadler Ct, 7403 Sadler Ct, Sugar Land, TX 774','77479','Sugar Land','TX','USA',29.5914,-95.6474,10000,50,'44','2018-01-09 03:50:13',NULL,'published','2018-01-09 03:50:13','2018-01-09 03:50:43','1',1,1,1),(61,'','Event ','Hjofg','','2018-01-09 03:51:48','2018-01-09 05:51:28','1','0','https://s3-us-west-2.amazonaws.com/tempoproduction/promotionalimages/61_promo1_1515469930.jpeg','','','','7403 Sadler Ct','7403 Sadler Ct, 7403 Sadler Ct, Sugar Land, TX 774','77479','Sugar Land','TX','USA',29.5914,-95.6474,10000,50,'44','2018-01-09 03:52:10',NULL,'published','2018-01-09 03:52:10','2018-01-09 11:10:44','1',2,2,1),(62,'','Hey ','Gabbed ','','2018-01-10 09:35:54','2018-01-09 10:36:02','1','0','https://s3-us-west-2.amazonaws.com/tempoproduction/promotionalimages/62_promo1_1515490581.jpeg','','','','7400 Bissonnet St','7400 Bissonnet St, 7400 Bissonnet St, Houston, TX ','77074','Houston','TX','USA',29.687,-95.5119,10000,50,'44','2018-01-09 09:36:21',NULL,'published','2018-01-09 09:36:21','2018-01-09 11:10:48','1',1,1,1),(63,'','New year','Near Year','','2018-01-09 20:09:28','2018-01-11 11:09:38','1','0','https://s3-us-west-2.amazonaws.com/tempoproduction/promotionalimages/63_promo1_1515496242.jpeg','','','','7, Wardha Rd, Panchdip Nagar, Samarth Nagar East','Radisson Blu Hotel Nagpur, 7, Wardha Rd, Panchdip ','440015','Nagpur','Maharashtra','India',21.1058,79.0696,10000,50,'43','2018-01-09 11:11:49',NULL,'published','2018-01-09 11:10:41','2018-01-09 11:11:49','1',1,1,0),(64,'','Agora ','Live event its lit','','2018-02-25 00:00:56','2018-02-25 05:00:14','1','0','https://s3-us-west-2.amazonaws.com/tempoproduction/promotionalimages/64_promo1_1516621924.jpeg','','','','813 St Emanuel St','Warehouse Live, 813 St Emanuel St, Houston, TX 770','77003','Houston','TX','USA',29.7521,-95.3547,10000,50,'44','2018-01-22 11:52:03',NULL,'published','2018-01-22 11:52:03','2018-01-22 11:52:48','1',1,1,1),(65,'','Uncle Seyis Bday Party','Seyis Bday','','2018-01-27 03:30:25','2018-01-27 08:00:58','1','0','https://s3-us-west-2.amazonaws.com/tempoproduction/promotionalimages/65_promo1_1517035574.jpeg','','','','2300 Cottage Ln','2300 Cottage Ln, 2300 Cottage Ln, College Station,','77845','College Station','TX','USA',30.5837,-96.339,10000,50,'99','2018-01-27 06:46:13',NULL,'published','2018-01-27 06:46:13','2018-01-27 06:46:14','1',1,1,0),(66,'','Test event','Testjkhckkhv hkvkhvhkvkvkhhgkgkukugkugkughkghjkgjk','','2018-01-30 07:21:17','2018-01-28 07:20:27','1','0','https://s3-us-west-2.amazonaws.com/tempoproduction/promotionalimages/66_promo1_1517297040.jpeg','','','','','London, London, UK','','','London','UK',51.5074,-0.127758,10000,50,'114','2018-01-30 07:23:58',NULL,'published','2018-01-30 07:23:58','2018-01-30 07:24:29','1',1,1,1),(67,'','Heck chaff','Griffith','','2018-01-30 07:58:28','2018-01-29 07:58:31','1','0','https://s3-us-west-2.amazonaws.com/tempoproduction/promotionalimages/67_promo1_1517299159.jpeg','','','','','London, London, UK','','','London','UK',51.5074,-0.127758,10000,50,'114','2018-01-30 07:59:14',NULL,'published','2018-01-30 07:59:14','2018-01-30 08:37:00','1',1,1,1),(68,'','ExxonMobil Chronicles ','ExxonMobil workdays to Test the app','','2018-01-30 14:52:10','2018-01-30 21:52:13','1','0','https://s3-us-west-2.amazonaws.com/tempoproduction/promotionalimages/68_promo1_1517323979.jpeg','','','','22777 Springwoods Village Pkwy','ExxonMobil Houston Campus - Wellness Center, 22777','77389','Spring','TX','USA',30.1039,-95.4504,10000,50,'44','2018-01-30 14:52:58',NULL,'published','2018-01-30 14:52:58','2018-01-31 17:29:47','1',2,2,1),(69,'','Studying my ass off','Self explanatory ','','2018-01-30 20:10:57','2018-01-30 20:11:03','1','0','https://s3-us-west-2.amazonaws.com/tempoproduction/promotionalimages/69_promo1_1517343232.jpeg','','','','','Houston, Houston, TX, USA','','Houston','TX','USA',29.7604,-95.3698,10000,50,'61','2018-01-30 20:13:51',NULL,'published','2018-01-30 20:13:51','2018-01-30 20:13:52','1',1,1,0),(70,'','Day at Exxon','Exxon Boy','','2018-02-01 13:31:59','2018-02-02 05:32:03','1','0','https://s3-us-west-2.amazonaws.com/tempoproduction/promotionalimages/70_promo1_1517492074.jpeg','','','','22777 Springwoods Village Pkwy','ExxonMobil Houston Campus - Wellness Center, 22777','77389','Spring','TX','USA',30.1039,-95.4504,10000,50,'44','2018-02-01 13:34:34',NULL,'published','2018-02-01 13:34:34','2018-02-05 12:01:36','1',1,1,1),(71,'','Agora Launch Planning','We planning ','','2018-02-04 08:26:58','2018-02-04 11:27:01','1','0','https://s3-us-west-2.amazonaws.com/tempoproduction/promotionalimages/71_promo1_1517732904.jpeg','','','','2425 Capitol St','2425 Capitol St, 2425 Capitol St, Houston, TX 7700','77003','Houston','TX','USA',29.7519,-95.351,10000,50,'44','2018-02-04 08:28:23',NULL,'published','2018-02-04 08:28:24','2018-02-08 05:34:08','1',11,11,0),(72,'','Birthday Party','All are invited for birthday party.','','2018-02-07 07:24:01','2018-02-08 07:24:10','1','0','https://s3-us-west-2.amazonaws.com/tempoproduction/promotionalimages/72_promo1_1517988497.jpeg','','','','','Nagpur, Nagpur, Maharashtra, India','','Nagpur','Maharashtra','India',21.1458,79.0882,10000,50,'117','2018-02-07 07:28:15',NULL,'published','2018-02-07 07:28:15','2018-02-07 07:28:17','1',1,1,0),(73,'','Event Planning ','Getting Ready for Agora by month end.','','2018-02-24 00:00:30','2018-02-24 00:22:54','1','0','https://s3-us-west-2.amazonaws.com/tempoproduction/promotionalimages/73_promo1_1518006254.jpeg','','','','5930 Southwest Fwy','Firehouse Saloon and Badlands Radio, 5930 Southwes','77057','Houston','TX','USA',29.7266,-95.4839,10000,50,'44','2018-02-07 12:24:13',NULL,'published','2018-02-07 12:24:13','2018-02-07 18:39:10','1',2,2,0),(74,'','Test','Test','','2018-02-07 23:30:25','2018-02-08 01:30:34','1','0','https://s3-us-west-2.amazonaws.com/tempoproduction/promotionalimages/74_promo1_1518042704.jpeg','','','','500 W Madison St','500 W Madison St, 500 W Madison St, Chicago, IL 60','60661','Chicago','IL','USA',41.8823,-87.6405,10000,50,'105','2018-02-07 22:31:43',NULL,'published','2018-02-07 22:31:43','2018-02-08 20:13:15','1',1,1,1),(75,'','Test Event','Test event','','2018-02-08 05:55:37','2018-02-08 11:55:44','1','0','https://s3-us-west-2.amazonaws.com/tempoproduction/promotionalimages/75_promo1_1518069491.jpeg','','','','Sitabuldi','Nagpur, Sitabuldi, Nagpur, Maharashtra 440001, Ind','440001','Nagpur','Maharashtra','India',21.1523,79.0883,10000,50,'117','2018-02-08 05:58:09',NULL,'published','2018-02-08 05:58:09','2018-02-08 05:58:11','1',1,1,0),(76,'','Sample event ','This is just a sample event ','','2018-02-08 12:00:54','2018-02-09 12:00:10','1','0','https://s3-us-west-2.amazonaws.com/tempoproduction/promotionalimages/76_promo1_1518091049.jpeg','','','','Corporation Colony, Gandhi Lay Out','daga lay out (near temple), Corporation Colony, Ga','440010','Nagpur','Maharashtra','India',21.1302,79.0529,10000,50,'84','2018-02-08 11:57:26',NULL,'published','2018-02-08 11:57:26','2018-02-08 12:00:08','1',20,20,0),(77,'','Test2','Test','','2018-02-08 21:49:45','2018-02-09 10:19:48','1','0','https://s3-us-west-2.amazonaws.com/tempoproduction/promotionalimages/77_promo1_1518126689.jpeg','','','','111 N Canal St','111 N Canal St, 111 N Canal St, Chicago, IL 60606,','60606','Chicago','IL','USA',41.8836,-87.6394,10000,50,'105','2018-02-08 21:51:28',NULL,'published','2018-02-08 21:51:28','2018-02-09 21:48:31','1',1,1,1),(78,'','Weekend 09-Feb','Feb first week','','2018-02-09 12:30:06','2018-02-09 17:30:24','1','0','https://s3-us-west-2.amazonaws.com/tempoproduction/promotionalimages/78_promo1_1518165264.jpeg','','','','7, Wardha Rd, Panchdip Nagar, Samarth Nagar East','Radisson Blu Hotel Nagpur, 7, Wardha Rd, Panchdip ','440015','Nagpur','Maharashtra','India',21.1058,79.0696,10000,50,'43','2018-02-09 08:34:22',NULL,'published','2018-02-09 08:34:22','2018-02-09 08:34:24','1',1,1,0);
/*!40000 ALTER TABLE `events` ENABLE KEYS */;
UNLOCK TABLES;

--
-- Table structure for table `user_devices`
--

DROP TABLE IF EXISTS `user_devices`;
/*!40101 SET @saved_cs_client     = @@character_set_client */;
/*!40101 SET character_set_client = utf8 */;
CREATE TABLE `user_devices` (
  `user_device_id` int(11) NOT NULL AUTO_INCREMENT,
  `user_id` int(11) DEFAULT NULL,
  `devicetype` varchar(50) DEFAULT NULL,
  `devicepushtoken` text,
  `one_signal_userid` varchar(50) DEFAULT NULL,
  `created_at` datetime DEFAULT NULL,
  `updated_at` datetime DEFAULT NULL,
  PRIMARY KEY (`user_device_id`)
) ENGINE=InnoDB AUTO_INCREMENT=243 DEFAULT CHARSET=latin1;
/*!40101 SET character_set_client = @saved_cs_client */;

--
-- Dumping data for table `user_devices`
--

LOCK TABLES `user_devices` WRITE;
/*!40000 ALTER TABLE `user_devices` DISABLE KEYS */;
INSERT INTO `user_devices` VALUES (30,41,'ios','3f2a24f06afdf0a08eaa0f979dcda45391ccc9718928bba9fbe54a040b870cd6','040665af-8e19-4637-8b3b-138cdbe0c9a3','2017-10-10 12:51:48','2018-02-08 17:55:33'),(35,40,'ios','d1da98d2a72bdfa90220b3177168478fbaed6de0629938dbe589bf6245ebbf70','326e187d-3c7a-40f5-b79c-1aa2b16f29c7','2017-10-10 18:52:36','2017-12-17 14:10:35'),(43,47,'ios','f194d4f7a0412868a9dbac70aa7fa3e4c1961a655218dc005ba462a14da7c22f','314446dc-3d7b-4069-8d6c-8ed510b13e10','2017-10-11 23:56:11','2017-12-06 04:35:05'),(44,48,'ios','7d6d90d8bb509f2b675a89f7e40b9e9dbfc1b47b23f39b3fb9edb15c9ea9fd06','2781ba65-7804-477c-b1c5-a7fdc2a0f9ec','2017-10-12 00:32:58','2018-01-31 13:56:50'),(46,49,'ios','e380b43b47ad69986891df3c227009e443bb8c708410ea5499f6092608a803a0','b9a8b091-ec0c-4490-86c8-88297f40e874','2017-10-12 02:24:42','2018-01-06 01:13:45'),(47,50,'ios','024fe5987047f9d88f829613d24b767921a520e91b536cfc102c920b455ffdf9','e7d4bce9-ec2b-4d48-b4f0-c4c0d2981d00','2017-10-12 02:52:30','2017-12-10 16:10:03'),(48,51,'ios','8a2c41501750d649db67bcd25f6c70fa2d83203eda900f08194f073f80d3d5dc','14a4797e-a3f7-4205-b2db-f217fd86a60e','2017-10-12 02:54:38','2017-10-12 03:04:20'),(49,52,'ios','dcc5125c1fbf47d08d32e54119601714d362fd0b02a2e785172745c841a0c0e8','5ebd5e8e-c79a-4609-8ef9-783b26819c94','2017-10-12 02:57:24','2017-10-14 12:02:52'),(51,53,'ios','06022b9db3730a46bc87e6dca4b4976914830ce7704a36535e892a0b7871f9bd','6f7a9207-4039-4fb0-a39d-dab0f92ec2ba','2017-10-12 05:47:18','2018-01-26 02:42:14'),(52,54,'ios','4ed193627cc169c018eb19c3b3cdfdae6f193084807ece8dd3e3c2c5cadfcce6','07f40260-6125-4170-b33f-465fbdc1dade','2017-10-12 07:01:36','2017-11-04 23:52:31'),(55,55,'ios','9e26a81db101dc94c7d3fa173a7426926dd7eaa7c44a96348122e3f7067c148f','2acb35ad-64aa-4504-9a56-e282d78dc863','2017-10-12 17:49:03','2018-02-07 13:39:27'),(56,56,'ios','e0c7d3bd64a9cddb5afe4819a71516a635ea61b8225a24a3e7bddd19c9ca04b0','a852cb46-854d-4c0b-8d98-1136fe33abff','2017-10-13 02:35:06','2017-10-13 02:41:10'),(59,59,'ios','(\n)','250cdc97-cc5c-4102-9041-c5e4f3bf7a1f','2017-10-14 23:49:16','2018-02-07 01:40:47'),(60,60,'ios','(\n)','78fbd756-7d81-459f-bd89-478c504712fa','2017-10-15 01:13:37','2017-10-15 01:15:07'),(61,61,'ios','6b46569b3f4a5682b0676218e92230d35ee99dd98c29940e1479c07c86c8f635','d7a2a673-ebe5-434a-86d4-fdcbf1f314b1','2017-10-15 01:13:40','2018-02-06 17:57:36'),(63,62,'ios','1398981a756d068f858159d9d2e8c739afbc104ea92946492a3c67e0dd98c680','d7c7b2e7-bc25-4af2-89c5-39746f768ff1','2017-10-16 05:08:53','2018-02-09 22:26:34'),(72,64,'ios','52a392504f0f9008d77374494325b4b9cbd1a64ef870ec9a3f0d21544acf5034','c3d91619-4df9-4bf5-895c-5ef7e7e2989f','2017-10-17 23:14:29','2018-02-08 02:17:49'),(74,65,'ios','d58344c8874f4d3db666f699993c58172e8f77044ee4e36e86c1e3986ac0b542','10d8b790-609c-467d-ae2f-6ffdd8c27a94','2017-10-20 02:27:42','2018-02-09 04:55:45'),(75,66,'ios','cfcb6d711ac3dcaa5f2ad62e0a6bc598bb128aa543ab743b044a613db99c9e77','fe2b6398-9d72-472f-a8ee-285c29e876b2','2017-10-20 21:00:25','2017-10-21 16:29:29'),(76,67,'ios','9b9685ee1e099c7d1cb94591769e6a7b15a5a661e98fdb197cbb233d6ea7e51e','6e9f90e1-cedd-42b9-8c85-44a216c000bf','2017-10-22 06:16:22','2018-02-09 21:37:08'),(78,68,'ios','b6622e9e6393a1ef2d104e761a89db6db988f011b6e75ba35f05d10f240c52df','078285a4-3093-4a15-9ef4-1ed8a7cb4409','2017-10-26 14:05:48','2017-12-01 04:21:19'),(79,69,'ios','892df098e64083e8bdb4404b9573e069997a11424cd49c4d9f667bf61b4d7246','e324eb9c-5767-41a9-b88e-ee4532ec8f6f','2017-10-28 14:47:53','2017-11-05 01:23:40'),(113,87,'ios','ed738ee296e5659e80dc61e5357409d95815ba7484b959065361ffe37b790f59','74415e52-bb54-4040-ae79-78b7903bcb28','2017-12-01 05:52:12',NULL),(118,88,'ios','6fe205150c025005cb997d4dbcac73d0ee78bdc3c67798294a39ec97638190d9','f292de5a-075e-408f-9c70-49424cdb5a41','2017-12-02 15:47:48',NULL),(147,90,'ios','(\n)','b8721375-03d2-4538-88e0-3cfcb8f8c24c','2017-12-12 08:01:35','2017-12-12 08:25:59'),(198,94,'ios','d570db0d423713924359a0889496c74480e49a11e3ca5e3d731921bd3ec76b8e','49ff2ccf-eb9a-4030-a27a-fe3b127feadb','2018-01-09 03:09:41','2018-01-21 22:05:36'),(200,95,'ios','34bdfefe975c4abdc9024ca2e6e3dbfe56dd889ed1e168269416c90398a8f7b6','3b5ffda4-910a-4ec2-8543-2542d5b022b3','2018-01-11 02:05:48','2018-01-30 22:46:30'),(204,97,'ios','55c881578cf88cb0b366c2830a74435db1b2b2675b9d41342fdddb5108ee4a09','31a0bc98-eef6-44f8-822b-dbe294c391c5','2018-01-15 03:15:00',NULL),(206,98,'ios','(\n)','f1f992b0-2708-41e3-8a79-f310cc9ab446','2018-01-26 03:13:53',NULL),(207,99,'ios','5c1647fb8a84262b69f9f65f43b9cf37e991417a8b4e7b38d24bf9b46947c862','e7001165-32b7-4109-8daf-77c2be6474d1','2018-01-26 14:20:02','2018-02-09 06:25:17'),(211,102,'ios','(\n)','34a97f21-2cec-4a3d-9f40-4be1572e0cf3','2018-01-27 15:58:46',NULL),(213,103,'ios','5e4cbcfd43583fdf3deaf2b76cb6b51039fb4bc977ec88321ec0e52205ef1988','bff0b855-4cb8-4963-8158-f20f50031347','2018-01-27 23:25:21','2018-02-08 02:00:31'),(214,104,'ios','74548ece82e1c70e0a2065ce2094f1e3dacfb50bd3a941caa7fe1fa36ecb1481','20dfbb18-fae2-4440-8fd2-5c785753d74f','2018-01-27 23:29:10','2018-01-28 19:31:15'),(215,105,'ios','0cabdc45e553e34dbc622cb6a3ea32a708fae8978bce8e19b8d2764f58044a69','131f0c97-bb15-45b9-a0b9-803a6b849d61','2018-01-28 03:43:08','2018-02-10 00:58:03'),(222,114,'ios','1efe9d199f40d9a6a318636757b74ae9a73402eb41fff46554fbe1652d3efcdc','75cad087-1ab9-4458-8d04-d3cba60448d5','2018-01-30 06:38:10','2018-01-30 11:08:03'),(223,115,'ios','c2ca6f8be90d17a75a25371dea7536f8ca63bd4aabf0f529ed6ccfbb3c1108d0','ba328cb4-d080-4b85-ab2d-85b9e932b92a','2018-01-30 15:46:30','2018-02-02 16:21:06'),(227,44,'ios','9a8a68b49ef333aa2c70117b39ff79d987d05f287d16ff95d17d33ffc6547b5f','fd74c360-bbf6-43ea-84c2-5bb9cefeafe0','2018-01-31 17:29:42','2018-02-10 00:39:50'),(228,43,'ios','2f787a1aa82dbcbf19bfbee0c44cbedb62d01cc500b521b71bfdc441fc3f1a5e','fbd1486b-0d2b-4490-90c3-f4133ec8d3cf','2018-01-31 18:19:11','2018-02-09 16:14:34'),(229,116,'ios','122b4012bc3f81efdab53ad3b9c4f8ea3abfa384958f705ef746282f6a1b825d','aaa19695-3aee-44bc-b5c8-b0bd4ca8f2db','2018-02-02 04:14:44',NULL),(231,118,'ios','693c863698535a8afebbb5e30f1d2d9f17febbceee1280443d9e26ddc82c3d44','c5aa9d3a-a7ff-4761-8b64-8fef4c4cd609','2018-02-02 05:35:03','2018-02-05 05:04:56'),(232,119,'ios','(\n)','79f4fbe7-9edf-4585-8ef3-ac18629c318a','2018-02-02 06:31:19',NULL),(234,121,'ios','1ca0e11d8e74a76550b57ff3802623e6443abe914a03dd90fb4a603a67bf4bd5','bbac84c3-7a02-4cdf-a79d-496b70ccf1e7','2018-02-04 06:07:39','2018-02-05 01:45:31'),(236,122,'ios','98d21cd51f4b219c0e36945a7014488a46cf2f8567171d5a7dc4609f88b26c1b','ba79e0f1-d119-497c-b389-9b4f99e1a0df','2018-02-06 12:15:04','2018-02-09 19:25:50'),(237,123,'ios','267aaf1a035b9177294e0f935e069d75001394075e82b1baf2c7e47f6f1050dd','41633d86-5c1c-4a8e-9a0d-79bcd18ef490','2018-02-06 13:40:22',NULL),(238,124,'ios','8ad5573832da1edf0fc91fd416d984e46deeda6f3fc67c99694cd89d115e8cdf','b986a419-d116-4dd0-b35c-0c4adf5af7c1','2018-02-06 14:41:49','2018-02-06 14:44:48'),(239,125,'ios','7101c6b24bbe48dde30813afdbc2d5f8ed4ec2a2ed6aa154f282a826c7055bd6','11543e6e-9c24-4888-82f0-5a26a9d85cdb','2018-02-06 16:35:22',NULL),(240,126,'ios','148e03d46733af9f0f11a56e9175ff177393926abe06aa49882755ceb8d5e8df','8b790f39-6306-49c3-8cdf-3a0059a9dd9d','2018-02-07 22:55:00','2018-02-08 20:06:13'),(241,117,'ios','c65fcaf2882cacc057a36be63861ebb841fd888c53b8188d032c1de079afdc48','c2956c35-0625-4cb8-8976-42df1bcc3614','2018-02-08 11:58:48','2018-02-09 11:39:25'),(242,84,'ios','(\n)','1bd752c1-c3f4-469f-8d0c-4ff555acb21a','2018-02-08 12:34:44','2018-02-09 12:40:50');
/*!40000 ALTER TABLE `user_devices` ENABLE KEYS */;
UNLOCK TABLES;

--
-- Table structure for table `user_network`
--

DROP TABLE IF EXISTS `user_network`;
/*!40101 SET @saved_cs_client     = @@character_set_client */;
/*!40101 SET character_set_client = utf8 */;
CREATE TABLE `user_network` (
  `user_network_id` int(11) NOT NULL AUTO_INCREMENT,
  `primary_user_id` int(11) DEFAULT NULL,
  `network_user_id` int(11) DEFAULT NULL,
  `association_type` varchar(20) DEFAULT NULL,
  `network_status` varchar(11) DEFAULT NULL,
  `association_status_date` datetime DEFAULT NULL,
  `network_initiated_by` varchar(50) DEFAULT NULL,
  `created_at` datetime DEFAULT CURRENT_TIMESTAMP,
  `updated_at` datetime DEFAULT CURRENT_TIMESTAMP ON UPDATE CURRENT_TIMESTAMP,
  PRIMARY KEY (`user_network_id`)
) ENGINE=MyISAM AUTO_INCREMENT=399 DEFAULT CHARSET=latin1;
/*!40101 SET character_set_client = @saved_cs_client */;

--
-- Dumping data for table `user_network`
--

LOCK TABLES `user_network` WRITE;
/*!40000 ALTER TABLE `user_network` DISABLE KEYS */;
INSERT INTO `user_network` VALUES (125,43,42,'unfollow','Accepted','2017-11-17 08:27:27','43','2017-10-10 11:11:06','2017-11-17 08:27:27'),(126,42,43,'follow','Accepted','2017-10-10 11:11:27','42','2017-10-10 11:11:27','2017-10-10 11:11:27'),(127,45,42,'follow','Accepted','2017-10-10 13:04:19','45','2017-10-10 13:04:18','2017-10-10 13:04:19'),(128,45,43,'follow','Accepted','2017-10-10 18:55:04','45','2017-10-10 13:04:20','2017-10-10 18:55:04'),(129,43,44,'follow','Accepted','2017-10-10 18:54:08','43','2017-10-10 13:38:57','2017-10-10 18:54:08'),(130,45,44,'follow','Accepted','2017-10-11 04:56:53','45','2017-10-10 18:55:32','2017-10-11 04:56:53'),(131,44,45,'follow','Accepted','2017-11-29 21:46:22','44','2017-10-11 20:19:25','2017-11-29 21:46:22'),(132,44,43,'follow','Accepted','2017-12-15 01:38:40','44','2017-10-11 20:19:27','2017-12-15 01:38:40'),(133,44,46,'unfollow','Accepted','2017-11-12 22:30:00','44','2017-10-11 20:19:33','2017-11-12 22:30:00'),(134,44,42,'follow','Accepted','2017-12-16 02:25:06','44','2017-10-11 20:19:35','2017-12-16 02:25:06'),(135,44,47,'follow','Accepted','2017-12-15 01:37:35','44','2017-10-12 00:00:21','2017-12-15 01:37:35'),(136,44,48,'follow','Accepted','2017-10-12 04:22:26','44','2017-10-12 02:17:12','2017-10-12 04:22:26'),(137,49,44,'follow','Accepted','2017-10-12 02:24:48','49','2017-10-12 02:24:48','2017-10-12 02:24:48'),(317,84,95,'follow','Accepted','2018-01-22 09:10:45','84','2018-01-22 09:10:45','2018-01-22 09:10:45'),(138,50,44,'follow','Accepted','2017-10-12 02:53:32','50','2017-10-12 02:53:32','2017-10-12 02:53:32'),(139,51,48,'follow','Accepted','2017-10-12 02:58:47','51','2017-10-12 02:58:47','2017-10-12 02:58:47'),(140,51,44,'follow','Accepted','2017-10-12 02:58:52','51','2017-10-12 02:58:52','2017-10-12 02:58:52'),(141,51,45,'follow','Accepted','2017-10-12 02:58:54','51','2017-10-12 02:58:54','2017-10-12 02:58:54'),(142,54,50,'follow','Accepted','2017-10-12 07:01:51','54','2017-10-12 07:01:51','2017-10-12 07:01:51'),(143,54,48,'follow','Accepted','2017-10-12 07:01:56','54','2017-10-12 07:01:56','2017-10-12 07:01:56'),(144,54,45,'follow','Accepted','2017-10-12 07:01:57','54','2017-10-12 07:01:57','2017-10-12 07:01:57'),(145,44,51,'follow','Accepted','2017-10-12 12:21:22','44','2017-10-12 12:21:22','2017-10-12 12:21:22'),(146,44,50,'follow','Accepted','2018-02-06 19:38:23','44','2017-10-12 14:21:57','2018-02-06 19:38:23'),(147,44,54,'follow','Accepted','2017-10-12 14:22:51','44','2017-10-12 14:22:51','2017-10-12 14:22:51'),(151,44,55,'follow','Accepted','2017-11-29 21:46:26','44','2017-10-13 14:44:15','2017-11-29 21:46:26'),(148,44,53,'follow','Accepted','2017-11-01 20:14:34','44','2017-10-12 15:39:15','2017-11-01 20:14:34'),(149,44,49,'follow','Accepted','2017-10-12 15:39:27','44','2017-10-12 15:39:27','2017-10-12 15:39:27'),(150,44,52,'follow','Accepted','2017-12-09 14:29:45','44','2017-10-12 15:39:29','2017-12-09 14:29:45'),(152,44,56,'follow','Accepted','2017-10-13 14:44:17','44','2017-10-13 14:44:16','2017-10-13 14:44:17'),(153,59,48,'follow','Accepted','2017-10-14 23:49:22','59','2017-10-14 23:49:21','2017-10-14 23:49:22'),(154,59,47,'follow','Accepted','2017-10-14 23:49:24','59','2017-10-14 23:49:24','2017-10-14 23:49:24'),(155,59,45,'follow','Accepted','2017-10-14 23:49:26','59','2017-10-14 23:49:26','2017-10-14 23:49:26'),(156,59,44,'follow','Accepted','2017-10-14 23:49:28','59','2017-10-14 23:49:28','2017-10-14 23:49:28'),(157,55,44,'follow','Accepted','2017-10-15 17:54:23','55','2017-10-15 17:54:23','2017-10-15 17:54:23'),(158,55,45,'follow','Accepted','2017-10-15 17:54:24','55','2017-10-15 17:54:24','2017-10-15 17:54:24'),(159,55,42,'follow','Accepted','2017-10-15 17:54:34','55','2017-10-15 17:54:33','2017-10-15 17:54:34'),(160,55,46,'follow','Accepted','2017-10-15 17:54:35','55','2017-10-15 17:54:34','2017-10-15 17:54:35'),(161,55,43,'follow','Accepted','2017-10-15 17:54:37','55','2017-10-15 17:54:36','2017-10-15 17:54:37'),(162,55,47,'follow','Accepted','2017-10-15 17:54:38','55','2017-10-15 17:54:38','2017-10-15 17:54:38'),(163,55,49,'follow','Accepted','2017-10-15 17:54:39','55','2017-10-15 17:54:39','2017-10-15 17:54:39'),(164,55,51,'follow','Accepted','2017-10-15 17:54:40','55','2017-10-15 17:54:40','2017-10-15 17:54:40'),(165,55,50,'follow','Accepted','2017-10-15 17:54:43','55','2017-10-15 17:54:43','2017-10-15 17:54:43'),(166,55,48,'follow','Accepted','2017-10-15 17:54:44','55','2017-10-15 17:54:44','2017-10-15 17:54:44'),(167,55,52,'follow','Accepted','2017-10-15 17:54:46','55','2017-10-15 17:54:46','2017-10-15 17:54:46'),(168,55,54,'follow','Accepted','2017-10-15 17:54:46','55','2017-10-15 17:54:46','2017-10-15 17:54:46'),(169,55,57,'follow','Accepted','2017-10-15 17:54:49','55','2017-10-15 17:54:48','2017-10-15 17:54:49'),(170,55,56,'follow','Accepted','2017-10-15 17:54:50','55','2017-10-15 17:54:50','2017-10-15 17:54:50'),(171,55,59,'follow','Accepted','2017-10-15 17:54:51','55','2017-10-15 17:54:51','2017-10-15 17:54:51'),(172,55,58,'follow','Accepted','2017-10-15 17:54:52','55','2017-10-15 17:54:52','2017-10-15 17:54:52'),(173,55,53,'follow','Accepted','2017-10-15 17:54:53','55','2017-10-15 17:54:53','2017-10-15 17:54:53'),(174,55,60,'follow','Accepted','2017-10-15 17:54:55','55','2017-10-15 17:54:55','2017-10-15 17:54:55'),(175,55,61,'follow','Accepted','2017-10-15 17:54:56','55','2017-10-15 17:54:56','2017-10-15 17:54:56'),(176,41,44,'follow','Accepted','2017-10-15 17:55:54','41','2017-10-15 17:55:54','2017-10-15 17:55:54'),(177,48,44,'follow','Accepted','2017-10-15 17:55:56','48','2017-10-15 17:55:56','2017-10-15 17:55:56'),(178,41,45,'follow','Accepted','2017-10-15 17:55:56','41','2017-10-15 17:55:56','2017-10-15 17:55:56'),(179,48,45,'follow','Accepted','2017-10-15 17:55:57','48','2017-10-15 17:55:57','2017-10-15 17:55:57'),(180,41,42,'follow','Accepted','2017-10-15 17:56:01','41','2017-10-15 17:56:01','2017-10-15 17:56:01'),(181,48,42,'follow','Accepted','2017-10-15 17:56:03','48','2017-10-15 17:56:03','2017-10-15 17:56:03'),(182,41,46,'follow','Accepted','2017-10-15 17:56:03','41','2017-10-15 17:56:03','2017-10-15 17:56:03'),(183,41,48,'follow','Accepted','2017-10-15 17:56:04','41','2017-10-15 17:56:03','2017-10-15 17:56:04'),(184,48,43,'follow','Accepted','2017-10-15 17:56:04','48','2017-10-15 17:56:04','2017-10-15 17:56:04'),(185,41,47,'follow','Accepted','2017-10-15 17:56:05','41','2017-10-15 17:56:05','2017-10-15 17:56:05'),(186,48,46,'follow','Accepted','2017-10-15 17:56:06','48','2017-10-15 17:56:05','2017-10-15 17:56:06'),(187,41,50,'follow','Accepted','2017-10-15 17:56:06','41','2017-10-15 17:56:06','2017-10-15 17:56:06'),(188,41,51,'follow','Accepted','2017-10-15 17:56:07','41','2017-10-15 17:56:07','2017-10-15 17:56:07'),(189,48,47,'follow','Accepted','2017-10-15 17:56:07','48','2017-10-15 17:56:07','2017-10-15 17:56:07'),(190,41,49,'follow','Accepted','2017-10-15 17:56:08','41','2017-10-15 17:56:08','2017-10-15 17:56:08'),(191,48,49,'follow','Accepted','2017-10-15 17:56:09','48','2017-10-15 17:56:09','2017-10-15 17:56:09'),(192,41,53,'follow','Accepted','2017-10-15 17:56:10','41','2017-10-15 17:56:10','2017-10-15 17:56:10'),(193,48,50,'follow','Accepted','2017-10-15 17:56:11','48','2017-10-15 17:56:11','2017-10-15 17:56:11'),(194,41,54,'follow','Accepted','2017-10-15 17:56:11','41','2017-10-15 17:56:11','2017-10-15 17:56:11'),(195,41,57,'follow','Accepted','2017-10-15 17:56:13','41','2017-10-15 17:56:13','2017-10-15 17:56:13'),(196,48,51,'follow','Accepted','2017-10-15 17:56:13','48','2017-10-15 17:56:13','2017-10-15 17:56:13'),(197,41,55,'follow','Accepted','2017-10-15 17:56:15','41','2017-10-15 17:56:15','2017-10-15 17:56:15'),(198,48,52,'follow','Accepted','2017-10-15 17:56:15','48','2017-10-15 17:56:15','2017-10-15 17:56:15'),(199,48,53,'follow','Accepted','2017-10-15 17:56:16','48','2017-10-15 17:56:16','2017-10-15 17:56:16'),(200,41,56,'follow','Accepted','2017-10-15 17:56:17','41','2017-10-15 17:56:17','2017-10-15 17:56:17'),(201,48,54,'follow','Accepted','2017-10-15 17:56:18','48','2017-10-15 17:56:17','2017-10-15 17:56:18'),(202,41,58,'follow','Accepted','2017-10-15 17:56:18','41','2017-10-15 17:56:18','2017-10-15 17:56:18'),(203,48,57,'follow','Accepted','2017-10-15 17:56:19','48','2017-10-15 17:56:19','2017-10-15 17:56:19'),(204,41,52,'follow','Accepted','2017-10-15 17:56:19','41','2017-10-15 17:56:19','2017-10-15 17:56:19'),(205,48,55,'follow','Accepted','2017-10-15 17:56:20','48','2017-10-15 17:56:20','2017-10-15 17:56:20'),(206,41,59,'follow','Accepted','2017-10-15 17:56:22','41','2017-10-15 17:56:22','2017-10-15 17:56:22'),(207,48,56,'follow','Accepted','2017-10-15 17:56:22','48','2017-10-15 17:56:22','2017-10-15 17:56:22'),(208,41,60,'follow','Accepted','2017-10-15 17:56:23','41','2017-10-15 17:56:23','2017-10-15 17:56:23'),(209,48,58,'follow','Accepted','2017-10-15 17:56:24','48','2017-10-15 17:56:23','2017-10-15 17:56:24'),(210,41,61,'follow','Accepted','2017-10-15 17:56:24','41','2017-10-15 17:56:24','2017-10-15 17:56:24'),(211,48,59,'follow','Accepted','2017-10-15 17:56:25','48','2017-10-15 17:56:25','2017-10-15 17:56:25'),(212,48,60,'follow','Accepted','2017-10-15 17:56:28','48','2017-10-15 17:56:28','2017-10-15 17:56:28'),(213,48,61,'follow','Accepted','2017-10-15 17:56:30','48','2017-10-15 17:56:30','2017-10-15 17:56:30'),(214,63,43,'follow','Accepted','2017-10-16 05:10:40','63','2017-10-16 05:10:40','2017-10-16 05:10:40'),(215,63,42,'follow','Accepted','2017-12-01 10:04:33','63','2017-10-16 05:10:46','2017-12-01 10:04:33'),(216,44,61,'follow','Accepted','2017-10-17 15:46:21','44','2017-10-17 15:46:21','2017-10-17 15:46:21'),(217,62,44,'follow','Accepted','2017-10-17 20:33:55','62','2017-10-17 20:33:55','2017-10-17 20:33:55'),(218,62,45,'follow','Accepted','2017-10-17 20:33:59','62','2017-10-17 20:33:59','2017-10-17 20:33:59'),(219,44,62,'follow','Accepted','2017-10-17 20:55:45','44','2017-10-17 20:55:45','2017-10-17 20:55:45'),(220,64,44,'follow','Accepted','2017-10-17 23:14:36','64','2017-10-17 23:14:35','2017-10-17 23:14:36'),(221,64,45,'follow','Accepted','2017-10-17 23:14:36','64','2017-10-17 23:14:36','2017-10-17 23:14:36'),(222,64,48,'follow','Accepted','2017-10-17 23:14:39','64','2017-10-17 23:14:39','2017-10-17 23:14:39'),(223,64,47,'follow','Accepted','2017-10-17 23:14:40','64','2017-10-17 23:14:40','2017-10-17 23:14:40'),(224,64,43,'follow','Accepted','2017-10-17 23:14:45','64','2017-10-17 23:14:45','2017-10-17 23:14:45'),(225,64,49,'follow','Accepted','2017-10-17 23:14:57','64','2017-10-17 23:14:57','2017-10-17 23:14:57'),(226,64,51,'follow','Accepted','2017-10-17 23:15:01','64','2017-10-17 23:15:00','2017-10-17 23:15:01'),(227,64,52,'follow','Accepted','2017-10-17 23:15:22','64','2017-10-17 23:15:22','2017-10-17 23:15:23'),(228,64,53,'follow','Accepted','2017-10-17 23:15:25','64','2017-10-17 23:15:25','2017-10-17 23:15:25'),(229,64,54,'follow','Accepted','2017-10-17 23:15:27','64','2017-10-17 23:15:27','2017-10-17 23:15:27'),(230,64,61,'follow','Accepted','2017-10-17 23:15:34','64','2017-10-17 23:15:34','2017-10-17 23:15:34'),(231,64,62,'follow','Accepted','2017-10-17 23:15:34','64','2017-10-17 23:15:34','2017-10-17 23:15:34'),(232,64,63,'follow','Accepted','2017-10-17 23:15:41','64','2017-10-17 23:15:40','2017-10-17 23:15:41'),(233,44,58,'follow','Accepted','2017-10-18 14:44:49','44','2017-10-18 14:44:49','2017-10-18 14:44:49'),(234,44,63,'follow','Accepted','2017-10-18 14:44:55','44','2017-10-18 14:44:55','2017-10-18 14:44:55'),(235,44,64,'follow','Accepted','2017-12-15 01:46:28','44','2017-10-18 14:44:57','2017-12-15 01:46:28'),(236,44,60,'follow','Accepted','2017-10-18 14:45:00','44','2017-10-18 14:45:00','2017-10-18 14:45:00'),(237,44,65,'follow','Accepted','2017-11-01 20:14:25','44','2017-10-21 01:51:31','2017-11-01 20:14:25'),(238,44,66,'follow','Accepted','2017-11-01 20:14:23','44','2017-10-21 01:51:33','2017-11-01 20:14:23'),(239,62,53,'follow','Accepted','2017-10-21 19:52:37','62','2017-10-21 19:52:37','2017-10-21 19:52:37'),(240,62,58,'follow','Accepted','2017-10-21 19:53:20','62','2017-10-21 19:53:19','2017-10-21 19:53:20'),(241,62,61,'follow','Accepted','2017-10-21 19:53:25','62','2017-10-21 19:53:25','2017-10-21 19:53:25'),(242,62,60,'follow','Accepted','2017-10-21 19:53:28','62','2017-10-21 19:53:28','2017-10-21 19:53:28'),(243,62,59,'follow','Accepted','2017-10-21 19:53:30','62','2017-10-21 19:53:30','2017-10-21 19:53:30'),(244,62,55,'follow','Accepted','2017-10-21 19:53:33','62','2017-10-21 19:53:33','2017-10-21 19:53:33'),(245,62,57,'follow','Accepted','2017-10-21 19:53:35','62','2017-10-21 19:53:34','2017-10-21 19:53:35'),(246,62,54,'follow','Accepted','2017-10-21 19:53:37','62','2017-10-21 19:53:37','2017-10-21 19:53:37'),(247,62,52,'follow','Accepted','2017-10-21 19:53:39','62','2017-10-21 19:53:39','2017-10-21 19:53:39'),(248,62,49,'follow','Accepted','2017-10-21 19:53:42','62','2017-10-21 19:53:42','2017-10-21 19:53:42'),(249,62,65,'follow','Accepted','2017-10-21 19:53:46','62','2017-10-21 19:53:45','2017-10-21 19:53:46'),(250,62,66,'follow','Accepted','2017-10-21 19:53:47','62','2017-10-21 19:53:47','2017-10-21 19:53:47'),(251,62,48,'follow','Accepted','2017-10-21 20:01:51','62','2017-10-21 20:01:51','2017-10-21 20:01:51'),(252,62,46,'follow','Accepted','2017-10-21 20:01:55','62','2017-10-21 20:01:55','2017-10-21 20:01:55'),(253,62,50,'follow','Accepted','2017-10-21 20:02:00','62','2017-10-21 20:01:59','2017-10-21 20:02:00'),(254,62,51,'follow','Accepted','2017-10-21 20:02:03','62','2017-10-21 20:02:03','2017-10-21 20:02:03'),(255,62,64,'follow','Accepted','2017-10-21 20:02:14','62','2017-10-21 20:02:14','2017-10-21 20:02:14'),(256,62,63,'follow','Accepted','2017-10-21 20:02:19','62','2017-10-21 20:02:19','2017-10-21 20:02:19'),(257,62,56,'follow','Accepted','2017-10-21 20:02:27','62','2017-10-21 20:02:26','2017-10-21 20:02:27'),(258,62,47,'follow','Accepted','2017-10-21 20:02:30','62','2017-10-21 20:02:30','2017-10-21 20:02:30'),(259,62,43,'follow','Accepted','2017-10-21 20:02:35','62','2017-10-21 20:02:35','2017-10-21 20:02:35'),(260,62,42,'follow','Accepted','2017-10-21 20:02:45','62','2017-10-21 20:02:45','2017-10-21 20:02:46'),(261,67,44,'follow','Accepted','2017-10-22 06:17:12','67','2017-10-22 06:17:12','2017-10-22 06:17:12'),(262,67,61,'follow','Accepted','2017-10-22 06:17:27','67','2017-10-22 06:17:27','2017-10-22 06:17:27'),(263,44,67,'follow','Accepted','2017-11-01 20:14:19','44','2017-10-23 21:58:14','2017-11-01 20:14:19'),(264,44,57,'follow','Accepted','2017-10-25 00:22:18','44','2017-10-25 00:22:18','2017-10-25 00:22:18'),(265,44,59,'follow','Accepted','2017-12-26 00:50:03','44','2017-10-25 00:22:21','2017-12-26 00:50:03'),(267,69,67,'follow','Accepted','2017-10-28 14:48:23','69','2017-10-28 14:48:22','2017-10-28 14:48:23'),(268,69,61,'follow','Accepted','2017-10-28 14:48:29','69','2017-10-28 14:48:28','2017-10-28 14:48:29'),(269,69,48,'follow','Accepted','2017-10-28 14:48:46','69','2017-10-28 14:48:42','2017-10-28 14:48:46'),(270,69,45,'follow','Accepted','2017-10-28 14:48:50','69','2017-10-28 14:48:50','2017-10-28 14:48:50'),(271,44,68,'follow','Accepted','2017-11-01 20:14:16','44','2017-10-29 03:00:01','2017-11-01 20:14:16'),(272,44,69,'follow','Accepted','2017-11-01 20:14:14','44','2017-10-29 03:00:11','2017-11-01 20:14:14'),(304,44,72,'follow','Accepted','2017-12-16 02:25:29','44','2017-12-16 02:25:29','2017-12-16 02:25:29'),(273,71,43,'follow','Accepted','2017-11-15 12:33:08','71','2017-11-15 12:33:08','2017-11-15 12:33:08'),(274,71,42,'follow','Accepted','2017-11-15 12:33:09','71','2017-11-15 12:33:09','2017-11-15 12:33:09'),(275,43,62,'follow','Accepted','2017-11-17 08:34:50','43','2017-11-17 08:34:50','2017-11-17 08:34:50'),(276,43,63,'follow','Accepted','2017-11-28 10:19:08','43','2017-11-17 09:05:20','2017-11-28 10:19:08'),(286,42,63,'follow','Invited','2017-12-01 09:58:15','42','2017-12-01 09:57:41','2017-12-01 09:58:15'),(277,84,43,'follow','Accepted','2017-12-04 05:49:11','84','2017-11-28 09:25:46','2017-12-04 05:49:11'),(278,82,43,'follow','Accepted','2017-11-28 10:49:01','82','2017-11-28 10:49:00','2017-11-28 10:49:01'),(279,43,85,'follow','Accepted','2017-11-29 13:56:27','43','2017-11-29 12:18:18','2017-11-29 13:56:27'),(280,43,86,'follow','Accepted','2017-11-29 12:18:21','43','2017-11-29 12:18:21','2017-11-29 12:18:21'),(281,43,51,'follow','Accepted','2017-11-29 12:20:23','43','2017-11-29 12:20:22','2017-11-29 12:20:23'),(282,43,82,'follow','Accepted','2017-11-29 12:20:30','43','2017-11-29 12:20:30','2017-11-29 12:20:30'),(283,43,84,'unfollow','Accepted','2018-01-22 07:42:59','43','2017-11-29 13:07:45','2018-01-22 07:42:59'),(292,44,88,'follow','Accepted','2018-01-30 22:05:25','44','2017-12-04 15:40:17','2018-01-30 22:05:25'),(284,43,71,'follow','Accepted','2017-11-29 13:28:22','43','2017-11-29 13:28:21','2017-11-29 13:28:22'),(285,43,64,'follow','Accepted','2017-11-29 13:28:25','43','2017-11-29 13:28:24','2017-11-29 13:28:25'),(288,63,72,'follow','Accepted','2017-12-01 10:04:36','63','2017-12-01 10:04:35','2017-12-01 10:04:36'),(289,63,57,'follow','Accepted','2017-12-01 10:04:38','63','2017-12-01 10:04:37','2017-12-01 10:04:38'),(290,88,44,'follow','Accepted','2017-12-02 15:52:01','88','2017-12-02 15:52:01','2017-12-02 15:52:01'),(291,88,64,'follow','Accepted','2017-12-02 15:52:10','88','2017-12-02 15:52:10','2017-12-02 15:52:10'),(293,44,87,'follow','Accepted','2017-12-04 15:44:34','44','2017-12-04 15:44:34','2017-12-04 15:44:34'),(294,44,84,'follow','Accepted','2017-12-15 02:27:41','44','2017-12-11 12:20:57','2017-12-15 02:27:41'),(295,84,45,'follow','Accepted','2018-01-22 09:01:52','84','2017-12-12 07:36:30','2018-01-22 09:01:52'),(316,84,90,'follow','Accepted','2018-01-22 09:03:47','84','2018-01-22 09:03:47','2018-01-22 09:03:47'),(296,84,44,'follow','Accepted','2017-12-12 07:38:15','84','2017-12-12 07:38:14','2017-12-12 07:38:15'),(297,84,47,'unfollow','Invited','2017-12-12 07:38:47','84','2017-12-12 07:38:47','2017-12-12 07:38:47'),(298,84,62,'unfollow','Accepted','2018-01-22 09:04:01','84','2017-12-12 07:40:05','2018-01-22 09:04:01'),(299,43,45,'follow','Accepted','2017-12-12 07:50:16','43','2017-12-12 07:50:16','2017-12-12 07:50:16'),(300,90,44,'follow','Accepted','2017-12-12 08:01:57','90','2017-12-12 08:01:56','2017-12-12 08:01:57'),(301,90,45,'follow','Accepted','2017-12-12 08:02:01','90','2017-12-12 08:02:01','2017-12-12 08:02:01'),(302,90,84,'follow','Accepted','2017-12-12 08:02:09','90','2017-12-12 08:02:08','2017-12-12 08:02:09'),(389,117,43,'follow','Accepted','2018-02-07 06:50:58','117','2018-02-07 06:50:57','2018-02-07 06:50:58'),(305,44,90,'follow','Accepted','2017-12-30 19:52:04','44','2017-12-30 19:52:04','2017-12-30 19:52:04'),(306,44,89,'follow','Accepted','2017-12-30 19:52:11','44','2017-12-30 19:52:11','2017-12-30 19:52:11'),(307,64,68,'follow','Accepted','2018-01-04 04:29:36','64','2018-01-04 04:29:35','2018-01-04 04:29:36'),(308,94,44,'follow','Accepted','2018-01-09 03:09:49','94','2018-01-09 03:09:49','2018-01-09 03:09:49'),(309,44,94,'follow','Accepted','2018-01-10 03:38:52','44','2018-01-10 03:38:52','2018-01-10 03:38:52'),(310,95,45,'follow','Accepted','2018-01-11 02:06:52','95','2018-01-11 02:06:52','2018-01-11 02:06:52'),(311,95,43,'follow','Accepted','2018-01-11 02:06:53','95','2018-01-11 02:06:53','2018-01-11 02:06:53'),(312,95,48,'follow','Accepted','2018-01-11 02:06:55','95','2018-01-11 02:06:55','2018-01-11 02:06:55'),(313,95,47,'follow','Accepted','2018-01-11 02:06:57','95','2018-01-11 02:06:57','2018-01-11 02:06:57'),(314,95,62,'follow','Accepted','2018-01-11 02:07:18','95','2018-01-11 02:07:17','2018-01-11 02:07:18'),(315,95,61,'follow','Accepted','2018-01-11 02:07:20','95','2018-01-11 02:07:20','2018-01-11 02:07:20'),(318,84,55,'follow','Accepted','2018-01-22 09:10:46','84','2018-01-22 09:10:46','2018-01-22 09:10:46'),(319,44,95,'follow','Accepted','2018-01-22 16:49:22','44','2018-01-22 16:49:22','2018-01-22 16:49:22'),(320,99,44,'follow','Accepted','2018-01-26 14:21:52','99','2018-01-26 14:21:52','2018-01-26 14:21:52'),(321,99,48,'follow','Accepted','2018-01-26 14:21:54','99','2018-01-26 14:21:54','2018-01-26 14:21:54'),(322,99,49,'follow','Accepted','2018-01-26 14:21:56','99','2018-01-26 14:21:56','2018-01-26 14:21:56'),(323,99,50,'follow','Accepted','2018-01-26 14:21:58','99','2018-01-26 14:21:58','2018-01-26 14:21:58'),(324,99,52,'follow','Accepted','2018-01-26 14:21:59','99','2018-01-26 14:21:59','2018-01-26 14:21:59'),(325,99,54,'follow','Accepted','2018-01-26 14:22:00','99','2018-01-26 14:22:00','2018-01-26 14:22:00'),(326,99,53,'follow','Accepted','2018-01-26 14:22:02','99','2018-01-26 14:22:02','2018-01-26 14:22:02'),(327,99,64,'follow','Accepted','2018-01-26 14:22:07','99','2018-01-26 14:22:07','2018-01-26 14:22:07'),(328,99,67,'follow','Accepted','2018-01-26 14:22:09','99','2018-01-26 14:22:09','2018-01-26 14:22:09'),(329,99,68,'follow','Accepted','2018-01-26 14:22:12','99','2018-01-26 14:22:12','2018-01-26 14:22:12'),(330,99,98,'follow','Accepted','2018-01-26 14:22:27','99','2018-01-26 14:22:27','2018-01-26 14:22:27'),(331,102,43,'follow','Accepted','2018-01-27 16:00:24','102','2018-01-27 16:00:24','2018-01-27 16:00:24'),(332,102,42,'follow','Accepted','2018-01-27 16:00:25','102','2018-01-27 16:00:25','2018-01-27 16:00:25'),(333,103,99,'follow','Accepted','2018-01-27 23:27:18','103','2018-01-27 23:27:17','2018-01-27 23:27:18'),(334,99,103,'follow','Accepted','2018-01-27 23:55:38','99','2018-01-27 23:55:37','2018-01-27 23:55:38'),(335,114,113,'unfollow','Accepted','2018-01-30 06:41:08','114','2018-01-30 06:40:07','2018-01-30 06:41:08'),(336,115,53,'follow','Accepted','2018-01-30 15:47:37','115','2018-01-30 15:47:36','2018-01-30 15:47:37'),(345,65,44,'follow','Accepted','2018-02-02 02:38:30','65','2018-02-02 02:38:29','2018-02-02 02:38:30'),(337,44,105,'follow','Accepted','2018-01-30 22:05:01','44','2018-01-30 22:05:01','2018-01-30 22:05:01'),(338,44,115,'follow','Accepted','2018-01-30 22:05:06','44','2018-01-30 22:05:06','2018-01-30 22:05:06'),(339,44,104,'follow','Accepted','2018-01-30 22:05:09','44','2018-01-30 22:05:09','2018-01-30 22:05:09'),(340,44,103,'follow','Accepted','2018-01-30 22:05:10','44','2018-01-30 22:05:09','2018-01-30 22:05:10'),(341,44,101,'follow','Accepted','2018-01-30 22:05:15','44','2018-01-30 22:05:15','2018-01-30 22:05:15'),(342,44,99,'follow','Accepted','2018-01-30 22:05:17','44','2018-01-30 22:05:17','2018-01-30 22:05:17'),(343,44,98,'follow','Accepted','2018-01-30 22:05:18','44','2018-01-30 22:05:18','2018-01-30 22:05:18'),(344,44,97,'follow','Accepted','2018-01-30 22:05:20','44','2018-01-30 22:05:20','2018-01-30 22:05:20'),(346,116,44,'follow','Accepted','2018-02-02 04:16:54','116','2018-02-02 04:16:54','2018-02-02 04:16:54'),(347,116,45,'follow','Accepted','2018-02-02 04:16:58','116','2018-02-02 04:16:57','2018-02-02 04:16:58'),(348,44,116,'follow','Accepted','2018-02-02 14:41:25','44','2018-02-02 14:41:25','2018-02-02 14:41:25'),(349,44,117,'follow','Accepted','2018-02-02 14:41:26','44','2018-02-02 14:41:26','2018-02-02 14:41:26'),(350,44,118,'follow','Accepted','2018-02-02 14:41:27','44','2018-02-02 14:41:27','2018-02-02 14:41:27'),(351,44,119,'follow','Accepted','2018-02-02 14:41:29','44','2018-02-02 14:41:29','2018-02-02 14:41:29'),(352,44,120,'follow','Accepted','2018-02-05 16:58:14','44','2018-02-05 16:58:14','2018-02-05 16:58:14'),(353,44,121,'follow','Accepted','2018-02-05 16:58:15','44','2018-02-05 16:58:15','2018-02-05 16:58:15'),(354,122,84,'unfollow','Accepted','2018-02-06 19:31:17','122','2018-02-06 12:16:32','2018-02-06 19:31:17'),(355,123,44,'follow','Accepted','2018-02-06 13:40:49','123','2018-02-06 13:40:48','2018-02-06 13:40:49'),(356,124,44,'follow','Accepted','2018-02-06 14:42:44','124','2018-02-06 14:42:44','2018-02-06 14:42:44'),(357,124,48,'follow','Accepted','2018-02-06 14:42:47','124','2018-02-06 14:42:47','2018-02-06 14:42:47'),(358,124,47,'follow','Accepted','2018-02-06 14:42:49','124','2018-02-06 14:42:48','2018-02-06 14:42:49'),(359,124,50,'follow','Accepted','2018-02-06 14:42:49','124','2018-02-06 14:42:49','2018-02-06 14:42:49'),(360,124,53,'follow','Accepted','2018-02-06 14:42:51','124','2018-02-06 14:42:51','2018-02-06 14:42:51'),(361,124,54,'follow','Accepted','2018-02-06 14:42:52','124','2018-02-06 14:42:52','2018-02-06 14:42:52'),(362,124,60,'follow','Accepted','2018-02-06 14:42:54','124','2018-02-06 14:42:54','2018-02-06 14:42:54'),(363,124,59,'follow','Accepted','2018-02-06 14:42:55','124','2018-02-06 14:42:55','2018-02-06 14:42:55'),(364,124,61,'follow','Accepted','2018-02-06 14:42:56','124','2018-02-06 14:42:56','2018-02-06 14:42:56'),(365,124,62,'follow','Accepted','2018-02-06 14:42:57','124','2018-02-06 14:42:57','2018-02-06 14:42:57'),(366,124,64,'follow','Accepted','2018-02-06 14:42:58','124','2018-02-06 14:42:57','2018-02-06 14:42:58'),(367,124,67,'follow','Accepted','2018-02-06 14:42:59','124','2018-02-06 14:42:59','2018-02-06 14:42:59'),(368,124,68,'follow','Accepted','2018-02-06 14:43:00','124','2018-02-06 14:43:00','2018-02-06 14:43:00'),(369,124,98,'follow','Accepted','2018-02-06 14:43:11','124','2018-02-06 14:43:11','2018-02-06 14:43:11'),(370,124,99,'follow','Accepted','2018-02-06 14:43:11','124','2018-02-06 14:43:11','2018-02-06 14:43:11'),(371,124,115,'follow','Accepted','2018-02-06 14:43:41','124','2018-02-06 14:43:41','2018-02-06 14:43:41'),(372,124,116,'follow','Accepted','2018-02-06 14:43:42','124','2018-02-06 14:43:42','2018-02-06 14:43:42'),(373,125,44,'follow','Accepted','2018-02-06 16:36:09','125','2018-02-06 16:36:09','2018-02-06 16:36:09'),(374,125,64,'follow','Accepted','2018-02-06 16:36:26','125','2018-02-06 16:36:26','2018-02-06 16:36:26'),(375,125,61,'follow','Accepted','2018-02-06 16:36:29','125','2018-02-06 16:36:28','2018-02-06 16:36:29'),(376,125,51,'follow','Accepted','2018-02-06 16:36:31','125','2018-02-06 16:36:31','2018-02-06 16:36:31'),(377,125,50,'follow','Accepted','2018-02-06 16:36:32','125','2018-02-06 16:36:32','2018-02-06 16:36:32'),(378,125,47,'follow','Accepted','2018-02-06 16:36:34','125','2018-02-06 16:36:34','2018-02-06 16:36:34'),(379,125,48,'follow','Accepted','2018-02-06 16:36:36','125','2018-02-06 16:36:36','2018-02-06 16:36:36'),(380,125,43,'follow','Accepted','2018-02-06 16:36:39','125','2018-02-06 16:36:39','2018-02-06 16:36:39'),(381,125,95,'follow','Accepted','2018-02-06 16:36:52','125','2018-02-06 16:36:52','2018-02-06 16:36:52'),(382,44,124,'follow','Accepted','2018-02-06 19:31:47','44','2018-02-06 19:31:46','2018-02-06 19:31:47'),(383,44,125,'follow','Accepted','2018-02-06 19:31:51','44','2018-02-06 19:31:50','2018-02-06 19:31:51'),(384,44,123,'follow','Accepted','2018-02-06 19:31:53','44','2018-02-06 19:31:52','2018-02-06 19:31:53'),(385,44,122,'follow','Accepted','2018-02-06 19:31:53','44','2018-02-06 19:31:53','2018-02-06 19:31:53'),(386,44,102,'follow','Accepted','2018-02-06 19:37:57','44','2018-02-06 19:37:57','2018-02-06 19:37:57'),(387,44,96,'follow','Accepted','2018-02-06 19:38:03','44','2018-02-06 19:38:03','2018-02-06 19:38:03'),(388,44,93,'follow','Accepted','2018-02-06 19:38:05','44','2018-02-06 19:38:05','2018-02-06 19:38:05'),(390,117,63,'unfollow','Invited','2018-02-07 07:17:56','117','2018-02-07 07:17:56','2018-02-07 07:17:56'),(391,117,84,'follow','Accepted','2018-02-07 07:22:25','117','2018-02-07 07:22:25','2018-02-07 07:22:26'),(392,43,117,'follow','Accepted','2018-02-07 08:26:18','43','2018-02-07 08:26:18','2018-02-07 08:26:18'),(393,105,44,'follow','Accepted','2018-02-07 22:32:52','105','2018-02-07 22:32:51','2018-02-07 22:32:52'),(394,105,47,'follow','Accepted','2018-02-07 22:34:17','105','2018-02-07 22:34:13','2018-02-07 22:34:17'),(395,105,59,'follow','Accepted','2018-02-07 22:34:15','105','2018-02-07 22:34:13','2018-02-07 22:34:15'),(396,84,117,'follow','Accepted','2018-02-08 09:47:22','84','2018-02-08 09:47:22','2018-02-08 09:47:22'),(397,44,126,'follow','Accepted','2018-02-09 15:34:13','44','2018-02-09 15:34:13','2018-02-09 15:34:13'),(398,122,44,'follow','Accepted','2018-02-09 19:58:47','122','2018-02-09 19:58:46','2018-02-09 19:58:47');
/*!40000 ALTER TABLE `user_network` ENABLE KEYS */;
UNLOCK TABLES;

--
-- Table structure for table `user_notifications`
--

DROP TABLE IF EXISTS `user_notifications`;
/*!40101 SET @saved_cs_client     = @@character_set_client */;
/*!40101 SET character_set_client = utf8 */;
CREATE TABLE `user_notifications` (
  `user_notification_id` int(11) NOT NULL AUTO_INCREMENT,
  `from_user_id` int(11) DEFAULT NULL,
  `to_user_id` int(11) DEFAULT NULL,
  `event_id` int(11) DEFAULT NULL,
  `photo_id` int(11) DEFAULT NULL,
  `network_id` int(11) DEFAULT NULL,
  `comment_text` text,
  `notification_type` varchar(50) CHARACTER SET armscii8 COLLATE armscii8_bin DEFAULT NULL COMMENT 'followrequest/followaccepted/eventlike/photolike/commentedonevent',
  `status` varchar(50) DEFAULT NULL COMMENT 'unread/read/processed',
  `created_at` datetime DEFAULT NULL,
  `updated_at` datetime DEFAULT NULL,
  PRIMARY KEY (`user_notification_id`)
) ENGINE=InnoDB AUTO_INCREMENT=1009 DEFAULT CHARSET=latin1;
/*!40101 SET character_set_client = @saved_cs_client */;

--
-- Dumping data for table `user_notifications`
--

LOCK TABLES `user_notifications` WRITE;
/*!40000 ALTER TABLE `user_notifications` DISABLE KEYS */;
INSERT INTO `user_notifications` VALUES (608,43,0,23,NULL,NULL,'Emmanuel Francis has Invited on an event','inviteonevent','unread','2017-10-10 06:39:26',NULL),(609,45,43,24,NULL,NULL,'Tempo Carl has invited you as Host for an event','hostinvitation','unread','2017-10-10 18:46:22',NULL),(612,45,43,25,NULL,NULL,'Tempo Carl has invited you as Host for an event','hostinvitation','unread','2017-10-10 18:48:16',NULL),(615,45,0,25,NULL,NULL,'Tempo Carl has liked your post','eventpostlike','unread','2017-10-10 18:49:57',NULL),(616,45,0,25,NULL,NULL,'Tempo Carl has commented on your event','commentonevent','unread','2017-10-11 05:31:38',NULL),(617,45,0,25,NULL,NULL,'Tempo Carl has commented on your event','commentonevent','unread','2017-10-11 05:31:43',NULL),(618,45,0,25,NULL,NULL,'Tempo Carl has commented on your event','commentonevent','unread','2017-10-11 05:31:48',NULL),(619,44,43,26,NULL,NULL,'Carl  Nnaji has invited you as Host for an event','hostinvitation','unread','2017-10-11 20:21:40',NULL),(622,44,46,26,NULL,NULL,'Carl  Nnaji has Invited on an event','inviteonevent','unread','2017-10-11 20:21:41',NULL),(625,62,0,27,NULL,NULL,'Uwaoma  Nwogwugwu  has Invited on an event','inviteonevent','unread','2017-10-17 18:56:00',NULL),(626,44,0,26,NULL,NULL,'Carl  Nnaji has commented on your event','commentonevent','unread','2017-10-17 22:57:36',NULL),(627,44,0,25,NULL,NULL,'Carl  Nnaji has commented on your event','commentonevent','unread','2017-10-17 22:57:56',NULL),(631,44,43,29,NULL,NULL,'Carl  Nnaji has invited you as Host for an event','hostinvitation','unread','2017-10-17 23:52:42',NULL),(632,44,45,29,NULL,NULL,'Carl  Nnaji has invited you as Host for an event','hostinvitation','unread','2017-10-17 23:52:42',NULL),(636,44,51,29,NULL,NULL,'Carl  Nnaji has Invited on an event','inviteonevent','unread','2017-10-17 23:52:42',NULL),(637,44,55,29,NULL,NULL,'Carl  Nnaji has Invited on an event','inviteonevent','unread','2017-10-17 23:52:43',NULL),(639,44,48,30,NULL,NULL,'Carl  Nnaji has invited you as Host for an event','hostinvitation','unread','2017-10-17 23:57:52',NULL),(647,44,51,30,NULL,NULL,'Carl  Nnaji has Invited on an event','inviteonevent','unread','2017-10-17 23:57:53',NULL),(648,44,52,30,NULL,NULL,'Carl  Nnaji has Invited on an event','inviteonevent','unread','2017-10-17 23:57:53',NULL),(649,44,53,30,NULL,NULL,'Carl  Nnaji has Invited on an event','inviteonevent','unread','2017-10-17 23:57:54',NULL),(651,44,55,30,NULL,NULL,'Carl  Nnaji has Invited on an event','inviteonevent','unread','2017-10-17 23:57:54',NULL),(652,44,56,30,NULL,NULL,'Carl  Nnaji has Invited on an event','inviteonevent','unread','2017-10-17 23:57:54',NULL),(655,54,0,30,NULL,NULL,'CJN  has liked your post','eventpostlike','unread','2017-10-18 00:01:05',NULL),(660,44,62,27,NULL,NULL,'Uwaoma  Nwogwugwu  has Accepted your invitation.','updateinvitaionevent','unread','2017-10-20 12:38:54',NULL),(661,66,0,31,NULL,NULL,'Michael Pudjiadi has Invited on an event','inviteonevent','unread','2017-10-21 17:20:17',NULL),(663,44,43,32,NULL,NULL,'Carl  Nnaji has invited you as Host for an event','hostinvitation','unread','2017-10-23 17:54:56',NULL),(664,44,45,32,NULL,NULL,'Carl  Nnaji has invited you as Host for an event','hostinvitation','unread','2017-10-23 17:54:56',NULL),(665,44,47,32,NULL,NULL,'Carl  Nnaji has invited you as Host for an event','hostinvitation','unread','2017-10-23 17:54:56',NULL),(666,44,48,32,NULL,NULL,'Carl  Nnaji has invited you as Host for an event','hostinvitation','unread','2017-10-23 17:54:56',NULL),(672,50,0,33,NULL,NULL,'DeAndra Ogala has Invited on an event','inviteonevent','unread','2017-10-24 13:19:32',NULL),(673,44,0,32,NULL,NULL,'Carl  Nnaji has commented on your event','commentonevent','unread','2017-10-25 00:18:56',NULL),(674,69,0,27,NULL,NULL,'Kelechi azuogu has liked your post','eventpostlike','unread','2017-10-28 14:50:40',NULL),(676,62,0,27,NULL,NULL,'Uwaoma  Nwogwugwu  has commented on your event','commentonevent','unread','2017-10-29 03:35:54',NULL),(677,62,0,27,NULL,NULL,'Uwaoma  Nwogwugwu  has liked your post','eventpostlike','unread','2017-10-29 03:36:03',NULL),(678,62,0,30,NULL,NULL,'Uwaoma  Nwogwugwu  has commented on your event','commentonevent','unread','2017-10-29 03:36:36',NULL),(679,44,0,26,NULL,NULL,'Carl  Nnaji has commented on your event','commentonevent','unread','2017-11-01 23:05:21',NULL),(680,43,0,34,NULL,NULL,'Emmanuel Francis has Invited on an event','inviteonevent','unread','2017-11-03 14:33:48',NULL),(681,69,0,27,NULL,NULL,'Kelechi azuogu has liked your post','eventpostlike','unread','2017-11-05 01:25:58',NULL),(682,44,0,26,NULL,NULL,'Carl  Nnaji has commented on your event','commentonevent','unread','2017-11-07 09:16:32',NULL),(687,43,0,35,NULL,NULL,'Emmanuel Francis has Invited on an event','inviteonevent','unread','2017-11-15 11:43:44',NULL),(688,43,0,36,NULL,NULL,'Emmanuel Francis has Invited on an event','inviteonevent','unread','2017-11-15 11:47:56',NULL),(689,44,0,25,NULL,NULL,'Carl  Nnaji has liked your post','eventpostlike','unread','2017-11-16 22:07:54',NULL),(690,44,0,25,NULL,NULL,'Carl  Nnaji has liked your post','eventpostlike','unread','2017-11-16 22:07:56',NULL),(691,44,0,25,NULL,NULL,'Carl  Nnaji has liked your post','eventpostlike','unread','2017-11-16 22:08:07',NULL),(692,44,0,30,NULL,NULL,'Carl  Nnaji has liked your post','eventpostlike','unread','2017-11-16 22:08:15',NULL),(693,44,0,26,NULL,NULL,'Carl  Nnaji has liked your post','eventpostlike','unread','2017-11-16 22:08:21',NULL),(694,44,0,26,NULL,NULL,'Carl  Nnaji has liked your post','eventpostlike','unread','2017-11-16 22:08:25',NULL),(695,43,45,25,NULL,NULL,'Tempo Carl has Accepted your invitation.','updateinvitaionevent','unread','2017-11-17 09:14:07',NULL),(696,43,45,24,NULL,NULL,'Tempo Carl has Accepted your invitation.','updateinvitaionevent','unread','2017-11-17 09:14:14',NULL),(697,44,0,32,NULL,NULL,'Carl  Nnaji has commented on your event','commentonevent','unread','2017-11-17 21:06:05',NULL),(698,44,0,27,NULL,NULL,'Carl  Nnaji has liked your post','eventpostlike','unread','2017-11-17 22:20:36',NULL),(699,44,0,27,NULL,NULL,'Carl  Nnaji has liked your post','eventpostlike','unread','2017-11-17 22:20:38',NULL),(700,44,0,27,NULL,NULL,'Carl  Nnaji has liked your post','eventpostlike','unread','2017-11-17 22:20:42',NULL),(701,44,0,27,NULL,NULL,'Carl  Nnaji has liked your post','eventpostlike','unread','2017-11-17 22:20:44',NULL),(702,44,0,27,NULL,NULL,'Carl  Nnaji has liked your post','eventpostlike','unread','2017-11-17 22:20:45',NULL),(703,44,0,30,NULL,NULL,'Carl  Nnaji has liked your post','eventpostlike','unread','2017-11-17 22:20:56',NULL),(704,44,0,30,NULL,NULL,'Carl  Nnaji has liked your post','eventpostlike','unread','2017-11-17 22:20:59',NULL),(705,44,0,30,NULL,NULL,'Carl  Nnaji has liked your post','eventpostlike','unread','2017-11-17 22:21:01',NULL),(706,44,0,30,NULL,NULL,'Carl  Nnaji has liked your post','eventpostlike','unread','2017-11-17 22:21:02',NULL),(707,44,0,32,NULL,NULL,'Carl  Nnaji has liked your post','eventpostlike','unread','2017-11-17 22:21:31',NULL),(708,44,0,32,NULL,NULL,'Carl  Nnaji has liked your post','eventpostlike','unread','2017-11-17 22:21:33',NULL),(709,44,0,32,NULL,NULL,'Carl  Nnaji has liked your post','eventpostlike','unread','2017-11-17 22:21:34',NULL),(710,44,0,32,NULL,NULL,'Carl  Nnaji has liked your post','eventpostlike','unread','2017-11-17 22:21:36',NULL),(711,44,0,29,NULL,NULL,'Carl  Nnaji has liked your post','eventpostlike','unread','2017-11-17 22:24:28',NULL),(712,44,0,28,NULL,NULL,'Carl  Nnaji has liked your post','eventpostlike','unread','2017-11-17 22:24:32',NULL),(713,44,0,28,NULL,NULL,'Carl  Nnaji has liked your post','eventpostlike','unread','2017-11-17 22:24:34',NULL),(714,44,0,28,NULL,NULL,'Carl  Nnaji has liked your post','eventpostlike','unread','2017-11-17 22:24:36',NULL),(715,44,0,26,NULL,NULL,'Carl  Nnaji has liked your post','eventpostlike','unread','2017-11-17 22:24:56',NULL),(716,44,0,26,NULL,NULL,'Carl  Nnaji has liked your post','eventpostlike','unread','2017-11-17 22:24:59',NULL),(717,44,0,26,NULL,NULL,'Carl  Nnaji has liked your post','eventpostlike','unread','2017-11-17 22:25:02',NULL),(718,44,0,26,NULL,NULL,'Carl  Nnaji has liked your post','eventpostlike','unread','2017-11-20 13:43:00',NULL),(719,44,0,26,NULL,NULL,'Carl  Nnaji has liked your post','eventpostlike','unread','2017-11-20 13:43:08',NULL),(720,43,0,37,NULL,NULL,'Emmanuel Francis has Invited on an event','inviteonevent','unread','2017-11-27 12:59:04',NULL),(721,63,0,38,NULL,NULL,'Jennifer Francis has Invited on an event','inviteonevent','unread','2017-11-27 14:10:23',NULL),(722,44,0,25,NULL,NULL,'Carl  Nnaji has commented on your event','commentonevent','unread','2017-11-28 01:08:02',NULL),(723,84,0,23,NULL,NULL,'Laksh Parmar has liked your post','eventpostlike','unread','2017-11-28 09:28:21',NULL),(724,84,0,23,NULL,NULL,'Laksh Parmar has liked your post','eventpostlike','unread','2017-11-28 09:37:28',NULL),(725,84,0,23,NULL,NULL,'Laksh Parmar has liked your post','eventpostlike','unread','2017-11-28 09:37:32',NULL),(726,84,0,23,NULL,NULL,'Laksh Parmar has liked your post','eventpostlike','unread','2017-11-28 09:58:38',NULL),(727,84,43,39,NULL,NULL,'Laksh Parmar has invited you as Host for an event','hostinvitation','unread','2017-11-28 10:47:33',NULL),(728,84,43,39,NULL,NULL,'Laksh Parmar has Invited on an event','inviteonevent','unread','2017-11-28 10:47:37',NULL),(729,84,0,23,NULL,NULL,'Laksh Parmar has liked your post','eventpostlike','unread','2017-11-29 06:54:38',NULL),(730,43,0,23,NULL,NULL,'Emmanuel Francis has liked your post','eventpostlike','unread','2017-11-29 08:32:42',NULL),(731,43,0,23,NULL,NULL,'Emmanuel Francis has liked your post','eventpostlike','unread','2017-11-29 08:32:45',NULL),(732,43,0,23,NULL,NULL,'Emmanuel Francis has liked your post','eventpostlike','unread','2017-11-29 08:35:06',NULL),(733,43,0,40,NULL,NULL,'Emmanuel Francis has Invited on an event','inviteonevent','unread','2017-11-29 10:46:40',NULL),(734,84,0,23,NULL,NULL,'Laksh Parmar has liked your post','eventpostlike','unread','2017-11-29 11:50:57',NULL),(735,43,0,23,NULL,NULL,'Emmanuel Francis has liked your post','eventpostlike','unread','2017-11-29 12:07:26',NULL),(736,43,0,23,NULL,NULL,'Emmanuel Francis has liked your post','eventpostlike','unread','2017-11-29 12:09:30',NULL),(737,43,0,23,NULL,NULL,'Emmanuel Francis has liked your post','eventpostlike','unread','2017-11-29 13:56:59',NULL),(738,44,0,26,NULL,NULL,'Carl  Nnaji has liked your post','eventpostlike','unread','2017-11-29 16:55:27',NULL),(739,44,43,41,NULL,NULL,'Carl  Nnaji has Invited on an event','inviteonevent','unread','2017-12-01 03:35:11',NULL),(743,44,49,41,NULL,NULL,'Carl  Nnaji has Invited on an event','inviteonevent','unread','2017-12-01 03:35:11',NULL),(745,44,51,41,NULL,NULL,'Carl  Nnaji has Invited on an event','inviteonevent','unread','2017-12-01 03:35:12',NULL),(746,44,52,41,NULL,NULL,'Carl  Nnaji has Invited on an event','inviteonevent','unread','2017-12-01 03:35:12',NULL),(748,44,54,41,NULL,NULL,'Carl  Nnaji has Invited on an event','inviteonevent','unread','2017-12-01 03:35:12',NULL),(749,44,55,41,NULL,NULL,'Carl  Nnaji has Invited on an event','inviteonevent','unread','2017-12-01 03:35:12',NULL),(750,44,56,41,NULL,NULL,'Carl  Nnaji has Invited on an event','inviteonevent','unread','2017-12-01 03:35:13',NULL),(751,44,57,41,NULL,NULL,'Carl  Nnaji has Invited on an event','inviteonevent','unread','2017-12-01 03:35:13',NULL),(752,44,58,41,NULL,NULL,'Carl  Nnaji has Invited on an event','inviteonevent','unread','2017-12-01 03:35:13',NULL),(753,44,59,41,NULL,NULL,'Carl  Nnaji has Invited on an event','inviteonevent','unread','2017-12-01 03:35:13',NULL),(754,44,60,41,NULL,NULL,'Carl  Nnaji has Invited on an event','inviteonevent','unread','2017-12-01 03:35:13',NULL),(760,44,66,41,NULL,NULL,'Carl  Nnaji has Invited on an event','inviteonevent','unread','2017-12-01 03:35:14',NULL),(761,44,67,41,NULL,NULL,'Carl  Nnaji has Invited on an event','inviteonevent','unread','2017-12-01 03:35:14',NULL),(763,44,69,41,NULL,NULL,'Carl  Nnaji has Invited on an event','inviteonevent','unread','2017-12-01 03:35:15',NULL),(768,44,0,25,NULL,NULL,'Carl  Nnaji has commented on your event','commentonevent','unread','2017-12-01 03:49:55',NULL),(772,84,0,23,NULL,NULL,'Laksh Parmar has commented on your event','commentonevent','unread','2017-12-01 07:06:18',NULL),(773,44,48,42,NULL,NULL,'Carl  Nnaji has invited you as Host for an event','hostinvitation','unread','2017-12-01 18:27:50',NULL),(774,44,51,42,NULL,NULL,'Carl  Nnaji has invited you as Host for an event','hostinvitation','unread','2017-12-01 18:27:51',NULL),(775,44,43,42,NULL,NULL,'Carl  Nnaji has Invited on an event','inviteonevent','unread','2017-12-01 18:27:52',NULL),(778,44,51,42,NULL,NULL,'Carl  Nnaji has Invited on an event','inviteonevent','unread','2017-12-01 18:27:59',NULL),(779,44,55,42,NULL,NULL,'Carl  Nnaji has Invited on an event','inviteonevent','unread','2017-12-01 18:28:00',NULL),(781,44,64,42,NULL,NULL,'Carl  Nnaji has Invited on an event','inviteonevent','unread','2017-12-01 18:28:02',NULL),(782,44,66,42,NULL,NULL,'Carl  Nnaji has Invited on an event','inviteonevent','unread','2017-12-01 18:28:03',NULL),(783,44,67,42,NULL,NULL,'Carl  Nnaji has Invited on an event','inviteonevent','unread','2017-12-01 18:28:05',NULL),(784,62,0,42,NULL,NULL,'Uwaoma  Nwogwugwu  has liked your post','eventpostlike','unread','2017-12-02 01:55:07',NULL),(785,41,0,43,NULL,NULL,' has Invited on an event','inviteonevent','unread','2017-12-02 04:34:10',NULL),(786,44,0,42,NULL,NULL,'Carl  Nnaji has liked your post','eventpostlike','unread','2017-12-02 21:48:59',NULL),(787,44,0,42,NULL,NULL,'Carl  Nnaji has liked your post','eventpostlike','unread','2017-12-02 21:49:01',NULL),(788,44,0,42,NULL,NULL,'Carl  Nnaji has liked your post','eventpostlike','unread','2017-12-02 21:49:03',NULL),(789,44,0,42,NULL,NULL,'Carl  Nnaji has liked your post','eventpostlike','unread','2017-12-02 21:51:49',NULL),(790,44,0,42,NULL,NULL,'Carl  Nnaji has liked your post','eventpostlike','unread','2017-12-02 21:51:54',NULL),(792,43,82,44,NULL,NULL,'Emmanuel Francis has Invited on an event','inviteonevent','unread','2017-12-04 06:28:47',NULL),(794,43,85,44,NULL,NULL,'Emmanuel Francis has Invited on an event','inviteonevent','unread','2017-12-04 06:28:48',NULL),(795,63,43,44,NULL,NULL,'Emmanuel Francis has Accepted your invitation.','updateinvitaionevent','unread','2017-12-04 06:29:36',NULL),(799,43,84,45,NULL,NULL,'Laksh Parmar has Accepted your invitation.','updateinvitaionevent','unread','2017-12-04 07:26:59',NULL),(803,43,84,46,NULL,NULL,'Laksh Parmar has Accepted your invitation.','updateinvitaionevent','unread','2017-12-04 07:33:04',NULL),(807,63,43,47,NULL,NULL,'Emmanuel Francis has Accepted your invitation.','updateinvitaionevent','unread','2017-12-04 08:25:42',NULL),(808,84,43,47,NULL,NULL,'Emmanuel Francis has Accepted your invitation.','updateinvitaionevent','unread','2017-12-04 08:27:45',NULL),(809,42,43,47,NULL,NULL,'John David has Accepted your invitation.','updateinvitaionevent','unread','2017-12-04 08:40:23',NULL),(810,42,43,45,NULL,NULL,'John David has Rejected your invitation.','updateinvitaionevent','unread','2017-12-04 08:41:25',NULL),(811,63,0,23,NULL,NULL,'Jennifer Francis has liked your post','eventpostlike','unread','2017-12-04 10:29:23',NULL),(812,63,0,23,NULL,NULL,'Jennifer Francis has liked your post','eventpostlike','unread','2017-12-04 10:29:24',NULL),(813,63,0,23,NULL,NULL,'Jennifer Francis has liked your post','eventpostlike','unread','2017-12-04 10:29:27',NULL),(814,63,0,23,NULL,NULL,'Jennifer Francis has liked your post','eventpostlike','unread','2017-12-04 10:29:33',NULL),(815,63,0,23,NULL,NULL,'Jennifer Francis has liked your post','eventpostlike','unread','2017-12-04 10:29:34',NULL),(816,63,0,23,NULL,NULL,'Jennifer Francis has liked your post','eventpostlike','unread','2017-12-04 10:39:03',NULL),(817,63,0,23,NULL,NULL,'Jennifer Francis has liked your post','eventpostlike','unread','2017-12-04 10:57:37',NULL),(818,63,43,46,NULL,NULL,'Jennifer Francis has Accepted your invitation.','updateinvitaionevent','unread','2017-12-04 11:59:09',NULL),(819,63,43,45,NULL,NULL,'Jennifer Francis has Accepted your invitation.','updateinvitaionevent','unread','2017-12-04 11:59:17',NULL),(821,63,43,23,NULL,NULL,'Jennifer Francis has Accepted your invitation.','updateinvitaionevent','unread','2017-12-04 11:59:46',NULL),(823,42,63,48,NULL,NULL,'John David has Accepted your invitation.','updateinvitaionevent','unread','2017-12-04 12:10:35',NULL),(824,42,43,46,NULL,NULL,'John David has Accepted your invitation.','updateinvitaionevent','unread','2017-12-04 12:16:28',NULL),(828,43,0,23,NULL,NULL,'Emmanuel Francis has liked your post','eventpostlike','unread','2017-12-04 14:04:31',NULL),(829,50,0,49,NULL,NULL,'DeAndra Ogala has Invited on an event','inviteonevent','unread','2017-12-06 21:29:58',NULL),(830,84,43,44,NULL,NULL,'Laksh Parmar has Accepted your invitation.','updateinvitaionevent','unread','2017-12-12 08:40:39',NULL),(831,43,0,50,NULL,NULL,'Emmanuel Francis has Invited on an event','inviteonevent','unread','2017-12-12 09:56:11',NULL),(833,63,43,50,NULL,NULL,'Jennifer Francis has Accepted your invitation.','updateinvitaionevent','unread','2017-12-12 10:08:07',NULL),(834,43,0,51,NULL,NULL,'Emmanuel Francis has Invited on an event','inviteonevent','unread','2017-12-12 12:11:51',NULL),(836,63,43,51,NULL,NULL,'Jennifer Francis has Accepted your invitation.','updateinvitaionevent','unread','2017-12-12 12:17:41',NULL),(837,44,48,52,NULL,NULL,'Carl  Nnaji has invited you as Host for an event','hostinvitation','unread','2017-12-13 02:30:56',NULL),(838,44,43,52,NULL,NULL,'Carl  Nnaji has Invited on an event','inviteonevent','unread','2017-12-13 02:30:57',NULL),(840,44,0,52,NULL,NULL,'Carl  Nnaji has liked your post','eventpostlike','unread','2017-12-13 02:33:04',NULL),(841,63,43,53,NULL,NULL,'Jennifer Francis has invited you as Host for an event','hostinvitation','unread','2017-12-13 07:23:22',NULL),(843,63,43,53,NULL,NULL,'Jennifer Francis has Invited on an event','inviteonevent','unread','2017-12-13 07:23:23',NULL),(845,44,64,54,NULL,NULL,'Carl  Nnaji has invited you as Host for an event','hostinvitation','unread','2017-12-15 03:33:24',NULL),(847,44,64,55,NULL,NULL,'Carl  Nnaji has invited you as Host for an event','hostinvitation','unread','2017-12-16 02:35:51',NULL),(848,44,43,55,NULL,NULL,'Carl  Nnaji has Invited on an event','inviteonevent','unread','2017-12-16 02:35:51',NULL),(849,44,64,55,NULL,NULL,'Carl  Nnaji has Invited on an event','inviteonevent','unread','2017-12-16 02:35:51',NULL),(850,44,0,55,NULL,NULL,'Carl  Nnaji has liked your post','eventpostlike','unread','2017-12-18 14:22:28',NULL),(851,44,0,55,NULL,NULL,'Carl  Nnaji has liked your post','eventpostlike','unread','2017-12-18 14:22:36',NULL),(852,44,0,52,NULL,NULL,'Carl  Nnaji has liked your post','eventpostlike','unread','2017-12-18 14:22:43',NULL),(853,44,0,27,NULL,NULL,'Carl  Nnaji has liked your post','eventpostlike','unread','2017-12-18 14:22:56',NULL),(854,44,0,42,NULL,NULL,'Carl  Nnaji has commented on your event','commentonevent','unread','2017-12-18 14:23:17',NULL),(855,44,0,55,NULL,NULL,'Carl  Nnaji has commented on your event','commentonevent','unread','2017-12-18 23:43:03',NULL),(856,44,0,52,NULL,NULL,'Carl  Nnaji has liked your post','eventpostlike','unread','2017-12-20 04:06:05',NULL),(860,44,0,42,NULL,NULL,'Carl  Nnaji has liked your post','eventpostlike','unread','2017-12-23 21:12:05',NULL),(861,44,0,42,NULL,NULL,'Carl  Nnaji has liked your post','eventpostlike','unread','2017-12-23 21:12:08',NULL),(862,44,0,42,NULL,NULL,'Carl  Nnaji has liked your post','eventpostlike','unread','2017-12-23 21:12:15',NULL),(863,44,0,27,NULL,NULL,'Carl  Nnaji has liked your post','eventpostlike','unread','2017-12-23 21:13:28',NULL),(864,44,0,42,NULL,NULL,'Carl  Nnaji has commented on your event','commentonevent','unread','2017-12-26 06:40:20',NULL),(865,43,0,56,NULL,NULL,'Emmanuel Francis has Invited on an event','inviteonevent','unread','2018-01-03 12:03:08',NULL),(869,63,0,57,NULL,NULL,'Jennifer Francis has Invited on an event','inviteonevent','unread','2018-01-04 08:28:51',NULL),(870,43,63,58,NULL,NULL,'Emmanuel Francis has Invited on an event','inviteonevent','unread','2018-01-05 10:04:08',NULL),(871,43,0,58,NULL,NULL,'Emmanuel Francis has liked your post','eventpostlike','unread','2018-01-05 10:09:22',NULL),(872,44,50,59,NULL,NULL,'Carl  Nnaji has invited you as Host for an event','hostinvitation','unread','2018-01-06 00:35:51',NULL),(873,44,43,59,NULL,NULL,'Carl  Nnaji has Invited on an event','inviteonevent','unread','2018-01-06 00:35:51',NULL),(877,44,49,59,NULL,NULL,'Carl  Nnaji has Invited on an event','inviteonevent','unread','2018-01-06 00:35:52',NULL),(878,44,50,59,NULL,NULL,'Carl  Nnaji has Invited on an event','inviteonevent','unread','2018-01-06 00:35:52',NULL),(879,44,51,59,NULL,NULL,'Carl  Nnaji has Invited on an event','inviteonevent','unread','2018-01-06 00:35:52',NULL),(880,44,55,59,NULL,NULL,'Carl  Nnaji has Invited on an event','inviteonevent','unread','2018-01-06 00:35:52',NULL),(881,44,59,59,NULL,NULL,'Carl  Nnaji has Invited on an event','inviteonevent','unread','2018-01-06 00:35:52',NULL),(884,44,67,59,NULL,NULL,'Carl  Nnaji has Invited on an event','inviteonevent','unread','2018-01-06 00:35:53',NULL),(885,44,84,59,NULL,NULL,'Carl  Nnaji has Invited on an event','inviteonevent','unread','2018-01-06 00:35:53',NULL),(886,44,88,59,NULL,NULL,'Carl  Nnaji has Invited on an event','inviteonevent','unread','2018-01-06 00:35:53',NULL),(887,44,90,59,NULL,NULL,'Carl  Nnaji has Invited on an event','inviteonevent','unread','2018-01-06 00:35:53',NULL),(889,44,64,60,NULL,NULL,'Carl  Nnaji has invited you as Host for an event','hostinvitation','unread','2018-01-09 03:50:14',NULL),(890,44,55,60,NULL,NULL,'Carl  Nnaji has Invited on an event','inviteonevent','unread','2018-01-09 03:50:14',NULL),(891,44,51,61,NULL,NULL,'Carl  Nnaji has invited you as Host for an event','hostinvitation','unread','2018-01-09 03:52:10',NULL),(895,44,0,62,NULL,NULL,'Carl  Nnaji has Invited on an event','inviteonevent','unread','2018-01-09 09:36:22',NULL),(896,43,0,63,NULL,NULL,'Emmanuel Francis has Invited on an event','inviteonevent','unread','2018-01-09 11:10:43',NULL),(897,43,63,63,NULL,NULL,'Emmanuel Francis has Invited on an event','inviteonevent','unread','2018-01-09 11:11:23',NULL),(898,43,84,63,NULL,NULL,'Emmanuel Francis has Invited on an event','inviteonevent','unread','2018-01-09 11:11:50',NULL),(899,44,0,42,NULL,NULL,'Carl  Nnaji has liked your post','eventpostlike','unread','2018-01-10 02:40:21',NULL),(901,84,0,25,NULL,NULL,'Laksh Parmar has liked your post','eventpostlike','unread','2018-01-22 09:11:12',NULL),(902,84,0,25,NULL,NULL,'Laksh Parmar has liked your post','eventpostlike','unread','2018-01-22 09:11:17',NULL),(903,44,0,64,NULL,NULL,'Carl  Nnaji has Invited on an event','inviteonevent','unread','2018-01-22 11:52:04',NULL),(904,99,0,65,NULL,NULL,'Chibby Imo has Invited on an event','inviteonevent','unread','2018-01-27 06:46:15',NULL),(905,114,0,66,NULL,NULL,'Becky jun has Invited on an event','inviteonevent','unread','2018-01-30 07:24:01',NULL),(906,114,0,67,NULL,NULL,'Becky jun has Invited on an event','inviteonevent','unread','2018-01-30 07:59:21',NULL),(907,44,43,68,NULL,NULL,'Carl  Nnaji has Invited on an event','inviteonevent','unread','2018-01-30 14:52:59',NULL),(909,44,48,68,NULL,NULL,'Carl  Nnaji has Invited on an event','inviteonevent','unread','2018-01-30 14:52:59',NULL),(910,44,55,68,NULL,NULL,'Carl  Nnaji has Invited on an event','inviteonevent','unread','2018-01-30 14:53:19',NULL),(911,44,64,68,NULL,NULL,'Carl  Nnaji has Invited on an event','inviteonevent','unread','2018-01-30 14:53:35',NULL),(912,44,67,68,NULL,NULL,'Carl  Nnaji has Invited on an event','inviteonevent','unread','2018-01-30 14:53:41',NULL),(913,44,84,68,NULL,NULL,'Carl  Nnaji has Invited on an event','inviteonevent','unread','2018-01-30 14:53:57',NULL),(914,44,0,68,NULL,NULL,'Carl  Nnaji has liked your post','eventpostlike','unread','2018-01-30 19:55:39',NULL),(915,61,0,69,NULL,NULL,'Willis Nnaji has Invited on an event','inviteonevent','unread','2018-01-30 20:13:53',NULL),(916,45,44,68,NULL,NULL,'Tempo Carl has Accepted your invitation.','updateinvitaionevent','unread','2018-01-30 22:10:23',NULL),(917,45,44,41,NULL,NULL,'Tempo Carl has Accepted your invitation.','updateinvitaionevent','unread','2018-01-30 22:11:20',NULL),(918,45,44,42,NULL,NULL,'Tempo Carl has Accepted your invitation.','updateinvitaionevent','unread','2018-01-30 22:11:22',NULL),(919,45,44,59,NULL,NULL,'Tempo Carl has Accepted your invitation.','updateinvitaionevent','unread','2018-01-30 22:11:23',NULL),(920,45,44,32,NULL,NULL,'Tempo Carl has Accepted your invitation.','updateinvitaionevent','unread','2018-01-30 22:11:26',NULL),(921,45,62,27,NULL,NULL,'Tempo Carl has Accepted your invitation.','updateinvitaionevent','unread','2018-01-30 22:11:28',NULL),(922,45,44,30,NULL,NULL,'Tempo Carl has Accepted your invitation.','updateinvitaionevent','unread','2018-01-30 22:11:31',NULL),(923,45,44,29,NULL,NULL,'Tempo Carl has Accepted your invitation.','updateinvitaionevent','unread','2018-01-30 22:11:33',NULL),(924,45,44,26,NULL,NULL,'Tempo Carl has Accepted your invitation.','updateinvitaionevent','unread','2018-01-30 22:11:35',NULL),(925,45,44,28,NULL,NULL,'Tempo Carl has Accepted your invitation.','updateinvitaionevent','unread','2018-01-30 22:11:37',NULL),(926,44,48,70,NULL,NULL,'Carl  Nnaji has Invited on an event','inviteonevent','unread','2018-02-01 13:34:34',NULL),(927,44,67,70,NULL,NULL,'Carl  Nnaji has Invited on an event','inviteonevent','unread','2018-02-01 13:34:35',NULL),(928,65,44,41,NULL,NULL,'Sara B has Accepted your invitation.','updateinvitaionevent','unread','2018-02-02 02:38:20',NULL),(929,44,64,71,NULL,NULL,'Carl  Nnaji has invited you as Host for an event','hostinvitation','unread','2018-02-04 08:28:24',NULL),(930,44,43,71,NULL,NULL,'Carl  Nnaji has Invited on an event','inviteonevent','unread','2018-02-04 08:28:25',NULL),(931,44,45,71,NULL,NULL,'Carl  Nnaji has Invited on an event','inviteonevent','unread','2018-02-04 08:28:25',NULL),(932,44,48,71,NULL,NULL,'Carl  Nnaji has Invited on an event','inviteonevent','unread','2018-02-04 08:28:25',NULL),(933,44,49,71,NULL,NULL,'Carl  Nnaji has Invited on an event','inviteonevent','unread','2018-02-04 08:28:25',NULL),(934,44,50,71,NULL,NULL,'Carl  Nnaji has Invited on an event','inviteonevent','unread','2018-02-04 08:28:25',NULL),(935,44,51,71,NULL,NULL,'Carl  Nnaji has Invited on an event','inviteonevent','unread','2018-02-04 08:28:25',NULL),(936,44,55,71,NULL,NULL,'Carl  Nnaji has Invited on an event','inviteonevent','unread','2018-02-04 08:28:26',NULL),(941,44,67,71,NULL,NULL,'Carl  Nnaji has Invited on an event','inviteonevent','unread','2018-02-04 08:28:27',NULL),(942,44,84,71,NULL,NULL,'Carl  Nnaji has Invited on an event','inviteonevent','unread','2018-02-04 08:28:27',NULL),(943,44,88,71,NULL,NULL,'Carl  Nnaji has Invited on an event','inviteonevent','unread','2018-02-04 08:28:27',NULL),(944,44,90,71,NULL,NULL,'Carl  Nnaji has Invited on an event','inviteonevent','unread','2018-02-04 08:28:27',NULL),(945,44,94,71,NULL,NULL,'Carl  Nnaji has Invited on an event','inviteonevent','unread','2018-02-04 08:28:28',NULL),(946,44,99,71,NULL,NULL,'Carl  Nnaji has Invited on an event','inviteonevent','unread','2018-02-04 08:28:28',NULL),(947,44,116,71,NULL,NULL,'Carl  Nnaji has Invited on an event','inviteonevent','unread','2018-02-04 08:28:28',NULL),(948,44,0,71,NULL,NULL,'Carl  Nnaji has liked your post','eventpostlike','unread','2018-02-04 08:30:15',NULL),(949,64,44,71,NULL,NULL,'Bobby Esiaba has Accepted your invitation.','updateinvitaionevent','unread','2018-02-04 22:19:42',NULL),(950,62,0,71,NULL,NULL,'Uwaoma  Nwogwugwu  has liked your post','eventpostlike','unread','2018-02-06 22:39:58',NULL),(951,59,44,71,NULL,NULL,'Ahmed  has Accepted your invitation.','updateinvitaionevent','unread','2018-02-07 01:42:37',NULL),(952,117,0,72,NULL,NULL,'Shivani Ghatwai has Invited on an event','inviteonevent','unread','2018-02-07 07:28:18',NULL),(953,117,43,72,NULL,NULL,'Shivani Ghatwai has commented on your event','commentonevent','unread','2018-02-07 07:39:37',NULL),(954,117,43,72,NULL,NULL,'Shivani Ghatwai has liked your post','eventpostlike','unread','2018-02-07 07:39:45',NULL),(955,44,62,73,NULL,NULL,'Carl  Nnaji has invited you as Host for an event','hostinvitation','unread','2018-02-07 12:24:15',NULL),(956,44,43,73,NULL,NULL,'Carl  Nnaji has Invited on an event','inviteonevent','unread','2018-02-07 12:24:15',NULL),(957,44,45,73,NULL,NULL,'Carl  Nnaji has Invited on an event','inviteonevent','unread','2018-02-07 12:24:15',NULL),(958,44,48,73,NULL,NULL,'Carl  Nnaji has Invited on an event','inviteonevent','unread','2018-02-07 12:24:15',NULL),(959,44,49,73,NULL,NULL,'Carl  Nnaji has Invited on an event','inviteonevent','unread','2018-02-07 12:24:16',NULL),(960,44,50,73,NULL,NULL,'Carl  Nnaji has Invited on an event','inviteonevent','unread','2018-02-07 12:24:16',NULL),(961,44,51,73,NULL,NULL,'Carl  Nnaji has Invited on an event','inviteonevent','unread','2018-02-07 12:24:16',NULL),(962,44,55,73,NULL,NULL,'Carl  Nnaji has Invited on an event','inviteonevent','unread','2018-02-07 12:24:16',NULL),(963,44,59,73,NULL,NULL,'Carl  Nnaji has Invited on an event','inviteonevent','unread','2018-02-07 12:24:17',NULL),(965,44,64,73,NULL,NULL,'Carl  Nnaji has Invited on an event','inviteonevent','unread','2018-02-07 12:24:17',NULL),(966,44,67,73,NULL,NULL,'Carl  Nnaji has Invited on an event','inviteonevent','unread','2018-02-07 12:24:18',NULL),(967,44,84,73,NULL,NULL,'Carl  Nnaji has Invited on an event','inviteonevent','unread','2018-02-07 12:24:18',NULL),(968,44,88,73,NULL,NULL,'Carl  Nnaji has Invited on an event','inviteonevent','unread','2018-02-07 12:24:18',NULL),(969,44,90,73,NULL,NULL,'Carl  Nnaji has Invited on an event','inviteonevent','unread','2018-02-07 12:24:18',NULL),(970,44,99,73,NULL,NULL,'Carl  Nnaji has Invited on an event','inviteonevent','unread','2018-02-07 12:24:18',NULL),(971,44,116,73,NULL,NULL,'Carl  Nnaji has Invited on an event','inviteonevent','unread','2018-02-07 12:24:19',NULL),(972,44,123,73,NULL,NULL,'Carl  Nnaji has Invited on an event','inviteonevent','unread','2018-02-07 12:24:19',NULL),(973,44,124,73,NULL,NULL,'Carl  Nnaji has Invited on an event','inviteonevent','unread','2018-02-07 12:24:19',NULL),(974,44,125,73,NULL,NULL,'Carl  Nnaji has Invited on an event','inviteonevent','unread','2018-02-07 12:24:19',NULL),(975,62,44,73,NULL,NULL,'Uwaoma  Nwogwugwu  has Accepted your invitation.','updateinvitaionevent','unread','2018-02-07 18:39:10',NULL),(976,62,44,71,NULL,NULL,'Uwaoma  Nwogwugwu  has Accepted your invitation.','updateinvitaionevent','unread','2018-02-07 18:39:13',NULL),(977,62,44,41,NULL,NULL,'Uwaoma  Nwogwugwu  has Accepted your invitation.','updateinvitaionevent','unread','2018-02-07 18:39:16',NULL),(978,62,44,59,NULL,NULL,'Uwaoma  Nwogwugwu  has Accepted your invitation.','updateinvitaionevent','unread','2018-02-07 18:39:22',NULL),(979,62,44,42,NULL,NULL,'Uwaoma  Nwogwugwu  has Accepted your invitation.','updateinvitaionevent','unread','2018-02-07 18:39:25',NULL),(980,105,0,74,NULL,NULL,'Fadi Almasri has Invited on an event','inviteonevent','unread','2018-02-07 22:31:45',NULL),(981,65,44,71,NULL,NULL,'Sara B has Accepted your invitation.','updateinvitaionevent','unread','2018-02-08 05:34:08',NULL),(982,117,43,75,NULL,NULL,'Shivani Ghatwai has invited you as Host for an event','hostinvitation','unread','2018-02-08 05:58:11',NULL),(983,117,43,75,NULL,NULL,'Shivani Ghatwai has Invited on an event','inviteonevent','unread','2018-02-08 05:58:12',NULL),(984,117,43,75,NULL,NULL,'Shivani Ghatwai has liked your post','eventpostlike','unread','2018-02-08 06:00:32',NULL),(985,84,117,76,NULL,NULL,'Laksh Parmar has invited you as Host for an event','hostinvitation','unread','2018-02-08 11:57:30',NULL),(986,84,43,76,NULL,NULL,'Laksh Parmar has Invited on an event','inviteonevent','unread','2018-02-08 11:57:30',NULL),(988,117,43,76,NULL,NULL,'Shivani Ghatwai has commented on your event','commentonevent','unread','2018-02-08 11:59:30',NULL),(989,117,84,76,NULL,NULL,'Shivani Ghatwai has Accepted your invitation.','updateinvitaionevent','unread','2018-02-08 12:00:08',NULL),(990,117,43,76,NULL,NULL,'Shivani Ghatwai has commented on your event','commentonevent','unread','2018-02-08 12:18:40',NULL),(991,117,43,76,NULL,NULL,'Shivani Ghatwai has commented on your event','commentonevent','unread','2018-02-08 12:19:39',NULL),(992,105,44,73,NULL,NULL,'Fadi Almasri has commented on your event','commentonevent','unread','2018-02-08 19:58:15',NULL),(993,105,44,73,NULL,NULL,'Fadi Almasri has commented on your event','commentonevent','unread','2018-02-08 20:03:15',NULL),(994,105,44,73,NULL,NULL,'Fadi Almasri has commented on your event','commentonevent','unread','2018-02-08 20:08:16',NULL),(995,105,44,73,NULL,NULL,'Fadi Almasri has commented on your event','commentonevent','unread','2018-02-08 20:45:33',NULL),(996,105,44,73,NULL,NULL,'Fadi Almasri has commented on your event','commentonevent','unread','2018-02-08 20:45:40',NULL),(997,105,44,73,NULL,NULL,'Fadi Almasri has commented on your event','commentonevent','unread','2018-02-08 21:33:16',NULL),(998,105,0,77,NULL,NULL,'Fadi Almasri has Invited on an event','inviteonevent','unread','2018-02-08 21:51:29',NULL),(999,65,0,73,NULL,NULL,'Sara B has commented on your event','commentonevent','unread','2018-02-09 04:57:14',NULL),(1000,122,43,73,NULL,NULL,'Mobile Genius has liked your post','eventpostlike','unread','2018-02-09 08:23:09',NULL),(1001,43,42,78,NULL,NULL,'Emmanuel Francis has invited you as Host for an event','hostinvitation','unread','2018-02-09 08:34:24',NULL),(1002,43,63,78,NULL,NULL,'Emmanuel Francis has invited you as Host for an event','hostinvitation','unread','2018-02-09 08:34:24',NULL),(1003,43,84,78,NULL,NULL,'Emmanuel Francis has invited you as Host for an event','hostinvitation','unread','2018-02-09 08:34:24',NULL),(1004,43,117,78,NULL,NULL,'Emmanuel Francis has invited you as Host for an event','hostinvitation','unread','2018-02-09 08:34:24',NULL),(1005,43,42,78,NULL,NULL,'Emmanuel Francis has Invited on an event','inviteonevent','unread','2018-02-09 08:34:25',NULL),(1006,43,63,78,NULL,NULL,'Emmanuel Francis has Invited on an event','inviteonevent','unread','2018-02-09 08:34:25',NULL),(1007,43,84,78,NULL,NULL,'Emmanuel Francis has Invited on an event','inviteonevent','unread','2018-02-09 08:34:25',NULL),(1008,43,117,78,NULL,NULL,'Emmanuel Francis has Invited on an event','inviteonevent','unread','2018-02-09 08:34:25',NULL);
/*!40000 ALTER TABLE `user_notifications` ENABLE KEYS */;
UNLOCK TABLES;

--
-- Table structure for table `user_post_notifications`
--

DROP TABLE IF EXISTS `user_post_notifications`;
/*!40101 SET @saved_cs_client     = @@character_set_client */;
/*!40101 SET character_set_client = utf8 */;
CREATE TABLE `user_post_notifications` (
  `user_post_notification_id` int(11) NOT NULL AUTO_INCREMENT,
  `from_user_id` int(11) DEFAULT NULL,
  `to_user_id` int(11) DEFAULT NULL,
  `user_post_id` int(11) DEFAULT NULL COMMENT 'From user_posts',
  `comment_text` text,
  `notification_type` varchar(50) DEFAULT NULL,
  `status` varchar(50) DEFAULT NULL,
  `created_at` datetime DEFAULT NULL,
  `updated_at` datetime DEFAULT NULL,
  PRIMARY KEY (`user_post_notification_id`)
) ENGINE=InnoDB AUTO_INCREMENT=712 DEFAULT CHARSET=latin1;
/*!40101 SET character_set_client = @saved_cs_client */;

--
-- Dumping data for table `user_post_notifications`
--

LOCK TABLES `user_post_notifications` WRITE;
/*!40000 ALTER TABLE `user_post_notifications` DISABLE KEYS */;
INSERT INTO `user_post_notifications` VALUES (150,43,42,34,'Emmanuel Francis has posted a new image','posted','unread','2017-10-10 13:39:35',NULL),(151,43,44,34,'Emmanuel Francis has posted a new image','posted','unread','2017-10-10 13:39:35',NULL),(152,45,42,35,'Tempo Carl has posted a new image','posted','unread','2017-10-10 13:51:44',NULL),(153,45,43,35,'Tempo Carl has posted a new image','posted','unread','2017-10-10 13:51:44',NULL),(154,45,42,36,'Tempo Carl has posted a new image','posted','unread','2017-10-10 18:49:25',NULL),(155,45,43,36,'Tempo Carl has posted a new image','posted','unread','2017-10-10 18:49:25',NULL),(156,45,44,37,'Tempo Carl has posted a new image','posted','unread','2017-10-10 19:03:50',NULL),(157,45,42,38,'Tempo Carl has posted a new image','posted','unread','2017-10-11 18:09:43',NULL),(158,45,43,38,'Tempo Carl has posted a new image','posted','unread','2017-10-11 18:09:43',NULL),(159,44,43,39,'Carl  Nnaji has posted a new image','posted','unread','2017-10-11 20:20:11',NULL),(160,44,45,39,'Carl  Nnaji has posted a new image','posted','unread','2017-10-11 20:20:12',NULL),(161,44,47,40,'Carl  Nnaji has posted a new image','posted','unread','2017-10-12 00:02:43',NULL),(162,43,42,41,'Emmanuel Francis has posted a new image','posted','unread','2017-10-12 11:55:06',NULL),(163,63,42,42,'Jennifer Francis has posted a new image','posted','unread','2017-10-16 05:11:19',NULL),(164,63,43,42,'Jennifer Francis has posted a new image','posted','unread','2017-10-16 05:11:19',NULL),(166,43,63,42,'Emmanuel Francis has liked your post','likepost','processed','2017-10-16 06:40:16',NULL),(167,44,42,43,'Carl  Nnaji has posted a new image','posted','unread','2017-10-17 19:33:36',NULL),(168,44,43,43,'Carl  Nnaji has posted a new image','posted','unread','2017-10-17 19:33:36',NULL),(169,44,45,43,'Carl  Nnaji has posted a new image','posted','unread','2017-10-17 19:33:36',NULL),(170,44,61,43,'Carl  Nnaji has posted a new image','posted','unread','2017-10-17 19:33:36',NULL),(171,44,61,44,'Carl  Nnaji has posted a new image','posted','unread','2017-10-17 21:26:15',NULL),(172,44,45,37,'Carl  Nnaji has liked your post','likepost','processed','2017-10-17 22:58:37',NULL),(173,44,61,45,'Carl  Nnaji has posted a new video','posted','unread','2017-10-17 23:59:02',NULL),(174,44,61,46,'Carl  Nnaji has posted a new image','posted','unread','2017-10-18 09:06:23',NULL),(175,44,61,47,'Carl  Nnaji has posted a new image','posted','unread','2017-10-18 19:40:39',NULL),(176,44,45,37,'Carl  Nnaji has liked your post','likepost','processed','2017-10-18 23:39:38',NULL),(177,44,43,48,'Carl  Nnaji has posted a new image','posted','unread','2017-10-20 05:54:41',NULL),(178,44,45,48,'Carl  Nnaji has posted a new image','posted','unread','2017-10-20 05:54:42',NULL),(179,44,61,48,'Carl  Nnaji has posted a new image','posted','unread','2017-10-20 05:54:42',NULL),(180,44,45,37,'Carl  Nnaji has liked your post','likepost','processed','2017-10-22 16:49:31',NULL),(181,44,43,34,'Carl  Nnaji has liked your post','likepost','processed','2017-10-22 16:49:36',NULL),(182,44,54,49,'Carl  Nnaji has posted a new video','posted','unread','2017-10-22 23:33:38',NULL),(183,44,58,49,'Carl  Nnaji has posted a new video','posted','unread','2017-10-22 23:33:39',NULL),(184,44,67,50,'Carl  Nnaji has posted a new video','posted','unread','2017-10-23 22:12:29',NULL),(185,44,42,51,'Carl  Nnaji has posted a new video','posted','unread','2017-10-24 15:28:31',NULL),(186,44,43,51,'Carl  Nnaji has posted a new video','posted','unread','2017-10-24 15:28:31',NULL),(187,44,45,51,'Carl  Nnaji has posted a new video','posted','unread','2017-10-24 15:28:31',NULL),(188,44,46,51,'Carl  Nnaji has posted a new video','posted','unread','2017-10-24 15:28:31',NULL),(189,44,47,51,'Carl  Nnaji has posted a new video','posted','unread','2017-10-24 15:28:31',NULL),(190,44,48,51,'Carl  Nnaji has posted a new video','posted','unread','2017-10-24 15:28:31',NULL),(191,44,49,51,'Carl  Nnaji has posted a new video','posted','unread','2017-10-24 15:28:31',NULL),(192,44,51,51,'Carl  Nnaji has posted a new video','posted','unread','2017-10-24 15:28:31',NULL),(193,44,52,51,'Carl  Nnaji has posted a new video','posted','unread','2017-10-24 15:28:31',NULL),(194,44,53,51,'Carl  Nnaji has posted a new video','posted','unread','2017-10-24 15:28:31',NULL),(195,44,54,51,'Carl  Nnaji has posted a new video','posted','unread','2017-10-24 15:28:31',NULL),(196,44,55,51,'Carl  Nnaji has posted a new video','posted','unread','2017-10-24 15:28:31',NULL),(197,44,56,51,'Carl  Nnaji has posted a new video','posted','unread','2017-10-24 15:28:31',NULL),(198,44,58,51,'Carl  Nnaji has posted a new video','posted','unread','2017-10-24 15:28:31',NULL),(199,44,60,51,'Carl  Nnaji has posted a new video','posted','unread','2017-10-24 15:28:31',NULL),(200,44,61,51,'Carl  Nnaji has posted a new video','posted','unread','2017-10-24 15:28:31',NULL),(201,44,62,51,'Carl  Nnaji has posted a new video','posted','unread','2017-10-24 15:28:31',NULL),(202,44,63,51,'Carl  Nnaji has posted a new video','posted','unread','2017-10-24 15:28:31',NULL),(203,44,64,51,'Carl  Nnaji has posted a new video','posted','unread','2017-10-24 15:28:31',NULL),(204,44,65,51,'Carl  Nnaji has posted a new video','posted','unread','2017-10-24 15:28:31',NULL),(205,44,66,51,'Carl  Nnaji has posted a new video','posted','unread','2017-10-24 15:28:31',NULL),(206,44,67,51,'Carl  Nnaji has posted a new video','posted','unread','2017-10-24 15:28:31',NULL),(207,44,42,52,'Carl  Nnaji has posted a new image','posted','unread','2017-10-24 17:06:51',NULL),(208,44,43,52,'Carl  Nnaji has posted a new image','posted','unread','2017-10-24 17:06:51',NULL),(209,44,45,52,'Carl  Nnaji has posted a new image','posted','unread','2017-10-24 17:06:51',NULL),(210,44,46,52,'Carl  Nnaji has posted a new image','posted','unread','2017-10-24 17:06:51',NULL),(211,44,47,52,'Carl  Nnaji has posted a new image','posted','unread','2017-10-24 17:06:51',NULL),(212,44,48,52,'Carl  Nnaji has posted a new image','posted','unread','2017-10-24 17:06:51',NULL),(213,44,49,52,'Carl  Nnaji has posted a new image','posted','unread','2017-10-24 17:06:51',NULL),(214,44,51,52,'Carl  Nnaji has posted a new image','posted','unread','2017-10-24 17:06:51',NULL),(215,44,52,52,'Carl  Nnaji has posted a new image','posted','unread','2017-10-24 17:06:51',NULL),(216,44,53,52,'Carl  Nnaji has posted a new image','posted','unread','2017-10-24 17:06:51',NULL),(217,44,54,52,'Carl  Nnaji has posted a new image','posted','unread','2017-10-24 17:06:51',NULL),(218,44,55,52,'Carl  Nnaji has posted a new image','posted','unread','2017-10-24 17:06:51',NULL),(219,44,56,52,'Carl  Nnaji has posted a new image','posted','unread','2017-10-24 17:06:51',NULL),(220,44,58,52,'Carl  Nnaji has posted a new image','posted','unread','2017-10-24 17:06:51',NULL),(221,44,60,52,'Carl  Nnaji has posted a new image','posted','unread','2017-10-24 17:06:51',NULL),(222,44,61,52,'Carl  Nnaji has posted a new image','posted','unread','2017-10-24 17:06:51',NULL),(223,44,62,52,'Carl  Nnaji has posted a new image','posted','unread','2017-10-24 17:06:51',NULL),(224,44,63,52,'Carl  Nnaji has posted a new image','posted','unread','2017-10-24 17:06:51',NULL),(225,44,64,52,'Carl  Nnaji has posted a new image','posted','unread','2017-10-24 17:06:51',NULL),(226,44,65,52,'Carl  Nnaji has posted a new image','posted','unread','2017-10-24 17:06:51',NULL),(227,44,66,52,'Carl  Nnaji has posted a new image','posted','unread','2017-10-24 17:06:51',NULL),(228,44,67,52,'Carl  Nnaji has posted a new image','posted','unread','2017-10-24 17:06:51',NULL),(229,44,43,53,'Carl  Nnaji has posted a new video','posted','unread','2017-10-24 22:12:53',NULL),(230,44,45,53,'Carl  Nnaji has posted a new video','posted','unread','2017-10-24 22:12:54',NULL),(231,44,42,54,'Carl  Nnaji has posted a new video','posted','unread','2017-11-02 20:29:03',NULL),(232,44,43,54,'Carl  Nnaji has posted a new video','posted','unread','2017-11-02 20:29:03',NULL),(233,44,45,54,'Carl  Nnaji has posted a new video','posted','unread','2017-11-02 20:29:03',NULL),(234,44,46,54,'Carl  Nnaji has posted a new video','posted','unread','2017-11-02 20:29:03',NULL),(235,44,47,54,'Carl  Nnaji has posted a new video','posted','unread','2017-11-02 20:29:03',NULL),(236,44,48,54,'Carl  Nnaji has posted a new video','posted','unread','2017-11-02 20:29:03',NULL),(238,43,42,55,'Emmanuel Francis has posted a new image','posted','unread','2017-11-15 10:21:54',NULL),(239,43,42,56,'Emmanuel Francis has posted a new image','posted','unread','2017-11-15 10:25:11',NULL),(240,43,42,57,'Emmanuel Francis has posted a new image','posted','unread','2017-11-15 10:43:54',NULL),(241,44,45,37,'Carl  Nnaji has liked your post','likepost','processed','2017-11-16 22:09:47',NULL),(242,44,45,58,'Carl  Nnaji has posted a new video','posted','unread','2017-11-16 22:10:31',NULL),(243,44,43,59,'Carl  Nnaji has posted a new image','posted','unread','2017-11-17 21:04:53',NULL),(244,44,45,59,'Carl  Nnaji has posted a new image','posted','unread','2017-11-17 21:04:53',NULL),(245,44,45,37,'Carl  Nnaji has liked your post','likepost','processed','2017-11-17 22:21:10',NULL),(246,44,43,34,'Carl  Nnaji has liked your post','likepost','processed','2017-11-17 22:21:15',NULL),(247,44,45,37,'Carl  Nnaji has liked your post','likepost','processed','2017-11-17 22:25:21',NULL),(248,44,43,34,'Carl  Nnaji has liked your post','likepost','processed','2017-11-17 22:25:26',NULL),(249,43,44,60,'Emmanuel Francis has posted a new video','posted','unread','2017-11-27 08:12:03',NULL),(250,43,63,60,'Emmanuel Francis has posted a new video','posted','unread','2017-11-27 08:12:04',NULL),(251,43,44,61,'Emmanuel Francis has posted a new video','posted','unread','2017-11-27 08:17:15',NULL),(252,43,63,61,'Emmanuel Francis has posted a new video','posted','unread','2017-11-27 08:17:15',NULL),(253,43,44,62,'Emmanuel Francis has posted a new video','posted','unread','2017-11-27 08:19:08',NULL),(254,43,63,62,'Emmanuel Francis has posted a new video','posted','unread','2017-11-27 08:19:08',NULL),(255,43,44,63,'Emmanuel Francis has posted a new image','posted','unread','2017-11-27 08:58:11',NULL),(256,44,48,64,'Carl  Nnaji has posted a new video','posted','unread','2017-11-27 14:30:23',NULL),(257,44,51,64,'Carl  Nnaji has posted a new video','posted','unread','2017-11-27 14:30:28',NULL),(258,44,43,65,'Carl  Nnaji has posted a new video','posted','unread','2017-11-27 19:20:47',NULL),(259,44,47,65,'Carl  Nnaji has posted a new video','posted','unread','2017-11-27 19:20:48',NULL),(260,44,48,65,'Carl  Nnaji has posted a new video','posted','unread','2017-11-27 19:20:48',NULL),(261,44,51,65,'Carl  Nnaji has posted a new video','posted','unread','2017-11-27 19:20:52',NULL),(262,82,43,66,'Account Tempo has posted a new image','posted','unread','2017-11-29 11:35:42',NULL),(263,43,63,67,'Emmanuel Francis has posted a new image','posted','unread','2017-11-29 12:55:05',NULL),(264,43,82,67,'Emmanuel Francis has posted a new image','posted','unread','2017-11-29 12:55:05',NULL),(265,43,85,67,'Emmanuel Francis has posted a new image','posted','unread','2017-11-29 12:55:05',NULL),(266,43,86,67,'Emmanuel Francis has posted a new image','posted','unread','2017-11-29 12:55:05',NULL),(267,43,63,68,'Emmanuel Francis has posted a new image','posted','unread','2017-11-29 13:02:07',NULL),(268,44,54,69,'Carl  Nnaji has posted a new image','posted','unread','2017-11-29 16:59:36',NULL),(269,43,44,70,'Emmanuel Francis has posted a new image','posted','unread','2017-11-30 06:05:15',NULL),(270,43,51,70,'Emmanuel Francis has posted a new image','posted','unread','2017-11-30 06:05:15',NULL),(271,43,62,70,'Emmanuel Francis has posted a new image','posted','unread','2017-11-30 06:05:15',NULL),(272,43,63,70,'Emmanuel Francis has posted a new image','posted','unread','2017-11-30 06:05:15',NULL),(273,43,64,70,'Emmanuel Francis has posted a new image','posted','unread','2017-11-30 06:05:15',NULL),(274,43,71,70,'Emmanuel Francis has posted a new image','posted','unread','2017-11-30 06:05:15',NULL),(275,43,82,70,'Emmanuel Francis has posted a new image','posted','unread','2017-11-30 06:05:16',NULL),(276,43,84,70,'Emmanuel Francis has posted a new image','posted','unread','2017-11-30 06:05:16',NULL),(277,43,85,70,'Emmanuel Francis has posted a new image','posted','unread','2017-11-30 06:05:16',NULL),(278,43,86,70,'Emmanuel Francis has posted a new image','posted','unread','2017-11-30 06:05:16',NULL),(279,43,63,71,'Emmanuel Francis has posted a new video','posted','unread','2017-11-30 08:52:04',NULL),(280,43,63,72,'Emmanuel Francis has posted a new image','posted','unread','2017-11-30 08:52:26',NULL),(281,43,63,73,'Emmanuel Francis has posted a new video','posted','unread','2017-11-30 08:52:44',NULL),(282,43,63,74,'Emmanuel Francis has posted a new image','posted','unread','2017-11-30 08:53:10',NULL),(283,43,63,75,'Emmanuel Francis has posted a new image','posted','unread','2017-11-30 09:00:10',NULL),(284,43,63,76,'Emmanuel Francis has posted a new image','posted','unread','2017-11-30 09:04:53',NULL),(285,43,63,77,'Emmanuel Francis has posted a new image','posted','unread','2017-11-30 09:57:12',NULL),(286,43,63,78,'Emmanuel Francis has posted a new video','posted','unread','2017-11-30 09:57:34',NULL),(287,63,43,79,'Jennifer Francis has posted a new image','posted','unread','2017-11-30 11:58:55',NULL),(288,63,43,80,'Jennifer Francis has posted a new video','posted','unread','2017-11-30 11:59:27',NULL),(289,43,63,81,'Emmanuel Francis has posted a new image','posted','unread','2017-11-30 12:06:06',NULL),(290,43,63,82,'Emmanuel Francis has posted a new image','posted','unread','2017-12-01 06:24:56',NULL),(291,43,63,83,'Emmanuel Francis has posted a new video','posted','unread','2017-12-01 08:48:40',NULL),(292,43,63,84,'Emmanuel Francis has posted a new image','posted','unread','2017-12-01 09:05:37',NULL),(293,43,63,85,'Emmanuel Francis has posted a new video','posted','unread','2017-12-01 11:10:44',NULL),(294,43,63,86,'Emmanuel Francis has posted a new video','posted','unread','2017-12-01 11:16:10',NULL),(295,2,3,87,' has posted a new image','posted','unread','2017-12-01 12:39:59',NULL),(296,3,3,88,' has posted a new video','posted','unread','2017-12-01 12:42:11',NULL),(297,43,63,89,'Emmanuel Francis has posted a new video','posted','unread','2017-12-01 12:59:35',NULL),(298,43,63,90,'Emmanuel Francis has posted a new video','posted','unread','2017-12-01 13:02:25',NULL),(299,43,85,90,'Emmanuel Francis has posted a new video','posted','unread','2017-12-01 13:02:25',NULL),(300,43,86,90,'Emmanuel Francis has posted a new video','posted','unread','2017-12-01 13:02:25',NULL),(301,63,42,91,'Jennifer Francis has posted a new video','posted','unread','2017-12-01 13:17:11',NULL),(302,63,43,91,'Jennifer Francis has posted a new video','posted','unread','2017-12-01 13:17:11',NULL),(303,63,42,92,'Jennifer Francis has posted a new video','posted','unread','2017-12-01 13:26:16',NULL),(304,63,43,92,'Jennifer Francis has posted a new video','posted','unread','2017-12-01 13:26:16',NULL),(305,63,72,92,'Jennifer Francis has posted a new video','posted','unread','2017-12-01 13:26:16',NULL),(306,63,42,93,'Jennifer Francis has posted a new video','posted','unread','2017-12-01 13:29:01',NULL),(307,63,43,93,'Jennifer Francis has posted a new video','posted','unread','2017-12-01 13:29:01',NULL),(308,63,72,93,'Jennifer Francis has posted a new video','posted','unread','2017-12-01 13:29:01',NULL),(309,43,63,94,'Emmanuel Francis has posted a new image','posted','unread','2017-12-01 15:09:35',NULL),(310,43,63,95,'Emmanuel Francis has posted a new video','posted','unread','2017-12-01 15:10:02',NULL),(311,43,63,96,'Emmanuel Francis has posted a new image','posted','unread','2017-12-01 15:13:33',NULL),(312,44,43,97,'Carl  Nnaji has posted a new video','posted','unread','2017-12-02 01:28:13',NULL),(313,44,45,97,'Carl  Nnaji has posted a new video','posted','unread','2017-12-02 01:28:14',NULL),(314,44,47,97,'Carl  Nnaji has posted a new video','posted','unread','2017-12-02 01:28:16',NULL),(315,44,48,97,'Carl  Nnaji has posted a new video','posted','unread','2017-12-02 01:28:17',NULL),(316,44,49,97,'Carl  Nnaji has posted a new video','posted','unread','2017-12-02 01:28:17',NULL),(317,44,50,97,'Carl  Nnaji has posted a new video','posted','unread','2017-12-02 01:28:17',NULL),(318,44,51,97,'Carl  Nnaji has posted a new video','posted','unread','2017-12-02 01:28:18',NULL),(319,44,52,97,'Carl  Nnaji has posted a new video','posted','unread','2017-12-02 01:28:20',NULL),(320,44,53,97,'Carl  Nnaji has posted a new video','posted','unread','2017-12-02 01:28:20',NULL),(321,44,54,97,'Carl  Nnaji has posted a new video','posted','unread','2017-12-02 01:28:21',NULL),(322,44,55,97,'Carl  Nnaji has posted a new video','posted','unread','2017-12-02 01:28:21',NULL),(323,44,56,97,'Carl  Nnaji has posted a new video','posted','unread','2017-12-02 01:28:24',NULL),(324,44,57,97,'Carl  Nnaji has posted a new video','posted','unread','2017-12-02 01:28:25',NULL),(325,44,58,97,'Carl  Nnaji has posted a new video','posted','unread','2017-12-02 01:28:25',NULL),(326,44,59,97,'Carl  Nnaji has posted a new video','posted','unread','2017-12-02 01:28:25',NULL),(327,44,60,97,'Carl  Nnaji has posted a new video','posted','unread','2017-12-02 01:28:27',NULL),(328,44,61,97,'Carl  Nnaji has posted a new video','posted','unread','2017-12-02 01:28:30',NULL),(329,44,62,97,'Carl  Nnaji has posted a new video','posted','unread','2017-12-02 01:28:30',NULL),(330,44,63,97,'Carl  Nnaji has posted a new video','posted','unread','2017-12-02 01:28:30',NULL),(331,44,64,97,'Carl  Nnaji has posted a new video','posted','unread','2017-12-02 01:28:33',NULL),(332,44,65,97,'Carl  Nnaji has posted a new video','posted','unread','2017-12-02 01:28:33',NULL),(333,44,66,97,'Carl  Nnaji has posted a new video','posted','unread','2017-12-02 01:28:33',NULL),(334,44,67,97,'Carl  Nnaji has posted a new video','posted','unread','2017-12-02 01:28:34',NULL),(335,44,68,97,'Carl  Nnaji has posted a new video','posted','unread','2017-12-02 01:28:34',NULL),(336,44,69,97,'Carl  Nnaji has posted a new video','posted','unread','2017-12-02 01:28:34',NULL),(337,44,43,98,'Carl  Nnaji has posted a new video','posted','unread','2017-12-02 01:28:34',NULL),(338,44,45,98,'Carl  Nnaji has posted a new video','posted','unread','2017-12-02 01:28:34',NULL),(339,44,47,98,'Carl  Nnaji has posted a new video','posted','unread','2017-12-02 01:28:36',NULL),(340,44,48,98,'Carl  Nnaji has posted a new video','posted','unread','2017-12-02 01:28:36',NULL),(341,44,49,98,'Carl  Nnaji has posted a new video','posted','unread','2017-12-02 01:28:36',NULL),(342,44,50,98,'Carl  Nnaji has posted a new video','posted','unread','2017-12-02 01:28:36',NULL),(343,44,51,98,'Carl  Nnaji has posted a new video','posted','unread','2017-12-02 01:28:39',NULL),(344,44,52,98,'Carl  Nnaji has posted a new video','posted','unread','2017-12-02 01:28:39',NULL),(345,44,53,98,'Carl  Nnaji has posted a new video','posted','unread','2017-12-02 01:28:39',NULL),(346,44,54,98,'Carl  Nnaji has posted a new video','posted','unread','2017-12-02 01:28:41',NULL),(347,44,55,98,'Carl  Nnaji has posted a new video','posted','unread','2017-12-02 01:28:41',NULL),(348,44,56,98,'Carl  Nnaji has posted a new video','posted','unread','2017-12-02 01:28:41',NULL),(349,44,57,98,'Carl  Nnaji has posted a new video','posted','unread','2017-12-02 01:28:43',NULL),(350,44,58,98,'Carl  Nnaji has posted a new video','posted','unread','2017-12-02 01:28:43',NULL),(351,44,59,98,'Carl  Nnaji has posted a new video','posted','unread','2017-12-02 01:28:43',NULL),(352,44,60,98,'Carl  Nnaji has posted a new video','posted','unread','2017-12-02 01:28:43',NULL),(353,44,61,98,'Carl  Nnaji has posted a new video','posted','unread','2017-12-02 01:28:45',NULL),(354,44,62,98,'Carl  Nnaji has posted a new video','posted','unread','2017-12-02 01:28:45',NULL),(355,44,63,98,'Carl  Nnaji has posted a new video','posted','unread','2017-12-02 01:28:45',NULL),(356,44,64,98,'Carl  Nnaji has posted a new video','posted','unread','2017-12-02 01:28:45',NULL),(357,44,65,98,'Carl  Nnaji has posted a new video','posted','unread','2017-12-02 01:28:45',NULL),(358,44,66,98,'Carl  Nnaji has posted a new video','posted','unread','2017-12-02 01:28:46',NULL),(359,44,67,98,'Carl  Nnaji has posted a new video','posted','unread','2017-12-02 01:28:46',NULL),(360,44,68,98,'Carl  Nnaji has posted a new video','posted','unread','2017-12-02 01:28:46',NULL),(361,44,69,98,'Carl  Nnaji has posted a new video','posted','unread','2017-12-02 01:28:46',NULL),(362,44,43,99,'Carl  Nnaji has posted a new video','posted','unread','2017-12-02 01:44:44',NULL),(363,44,45,99,'Carl  Nnaji has posted a new video','posted','unread','2017-12-02 01:44:44',NULL),(364,44,47,99,'Carl  Nnaji has posted a new video','posted','unread','2017-12-02 01:44:45',NULL),(365,44,48,99,'Carl  Nnaji has posted a new video','posted','unread','2017-12-02 01:44:45',NULL),(366,44,49,99,'Carl  Nnaji has posted a new video','posted','unread','2017-12-02 01:44:45',NULL),(367,44,50,99,'Carl  Nnaji has posted a new video','posted','unread','2017-12-02 01:44:45',NULL),(368,44,51,99,'Carl  Nnaji has posted a new video','posted','unread','2017-12-02 01:44:45',NULL),(369,44,52,99,'Carl  Nnaji has posted a new video','posted','unread','2017-12-02 01:44:45',NULL),(370,44,53,99,'Carl  Nnaji has posted a new video','posted','unread','2017-12-02 01:44:46',NULL),(371,44,54,99,'Carl  Nnaji has posted a new video','posted','unread','2017-12-02 01:44:46',NULL),(372,44,55,99,'Carl  Nnaji has posted a new video','posted','unread','2017-12-02 01:44:46',NULL),(373,44,56,99,'Carl  Nnaji has posted a new video','posted','unread','2017-12-02 01:44:46',NULL),(374,44,57,99,'Carl  Nnaji has posted a new video','posted','unread','2017-12-02 01:44:46',NULL),(375,44,58,99,'Carl  Nnaji has posted a new video','posted','unread','2017-12-02 01:44:46',NULL),(376,44,59,99,'Carl  Nnaji has posted a new video','posted','unread','2017-12-02 01:44:47',NULL),(377,44,60,99,'Carl  Nnaji has posted a new video','posted','unread','2017-12-02 01:44:48',NULL),(378,44,61,99,'Carl  Nnaji has posted a new video','posted','unread','2017-12-02 01:44:48',NULL),(379,44,62,99,'Carl  Nnaji has posted a new video','posted','unread','2017-12-02 01:44:48',NULL),(380,44,63,99,'Carl  Nnaji has posted a new video','posted','unread','2017-12-02 01:44:49',NULL),(381,44,64,99,'Carl  Nnaji has posted a new video','posted','unread','2017-12-02 01:44:50',NULL),(382,44,65,99,'Carl  Nnaji has posted a new video','posted','unread','2017-12-02 01:44:50',NULL),(383,44,66,99,'Carl  Nnaji has posted a new video','posted','unread','2017-12-02 01:44:50',NULL),(384,44,67,99,'Carl  Nnaji has posted a new video','posted','unread','2017-12-02 01:44:50',NULL),(385,44,68,99,'Carl  Nnaji has posted a new video','posted','unread','2017-12-02 01:44:50',NULL),(386,44,69,99,'Carl  Nnaji has posted a new video','posted','unread','2017-12-02 01:44:51',NULL),(387,44,43,100,'Carl  Nnaji has posted a new video','posted','unread','2017-12-02 03:04:53',NULL),(388,44,45,100,'Carl  Nnaji has posted a new video','posted','unread','2017-12-02 03:04:54',NULL),(389,44,47,100,'Carl  Nnaji has posted a new video','posted','unread','2017-12-02 03:04:54',NULL),(390,44,48,100,'Carl  Nnaji has posted a new video','posted','unread','2017-12-02 03:04:54',NULL),(391,44,49,100,'Carl  Nnaji has posted a new video','posted','unread','2017-12-02 03:04:54',NULL),(392,44,50,100,'Carl  Nnaji has posted a new video','posted','unread','2017-12-02 03:04:54',NULL),(393,44,51,100,'Carl  Nnaji has posted a new video','posted','unread','2017-12-02 03:04:55',NULL),(394,44,52,100,'Carl  Nnaji has posted a new video','posted','unread','2017-12-02 03:04:55',NULL),(395,44,53,100,'Carl  Nnaji has posted a new video','posted','unread','2017-12-02 03:04:55',NULL),(396,44,54,100,'Carl  Nnaji has posted a new video','posted','unread','2017-12-02 03:04:55',NULL),(397,44,55,100,'Carl  Nnaji has posted a new video','posted','unread','2017-12-02 03:04:56',NULL),(398,44,56,100,'Carl  Nnaji has posted a new video','posted','unread','2017-12-02 03:04:56',NULL),(399,44,57,100,'Carl  Nnaji has posted a new video','posted','unread','2017-12-02 03:04:56',NULL),(400,44,58,100,'Carl  Nnaji has posted a new video','posted','unread','2017-12-02 03:04:56',NULL),(401,44,59,100,'Carl  Nnaji has posted a new video','posted','unread','2017-12-02 03:04:56',NULL),(402,44,60,100,'Carl  Nnaji has posted a new video','posted','unread','2017-12-02 03:04:57',NULL),(403,44,61,100,'Carl  Nnaji has posted a new video','posted','unread','2017-12-02 03:04:57',NULL),(404,44,62,100,'Carl  Nnaji has posted a new video','posted','unread','2017-12-02 03:04:57',NULL),(405,44,63,100,'Carl  Nnaji has posted a new video','posted','unread','2017-12-02 03:04:57',NULL),(406,44,64,100,'Carl  Nnaji has posted a new video','posted','unread','2017-12-02 03:04:57',NULL),(407,44,65,100,'Carl  Nnaji has posted a new video','posted','unread','2017-12-02 03:04:57',NULL),(408,44,66,100,'Carl  Nnaji has posted a new video','posted','unread','2017-12-02 03:04:58',NULL),(409,44,67,100,'Carl  Nnaji has posted a new video','posted','unread','2017-12-02 03:04:58',NULL),(410,44,68,100,'Carl  Nnaji has posted a new video','posted','unread','2017-12-02 03:04:58',NULL),(411,44,69,100,'Carl  Nnaji has posted a new video','posted','unread','2017-12-02 03:04:58',NULL),(412,41,42,101,' has posted a new image','posted','unread','2017-12-02 04:30:41',NULL),(413,41,44,101,' has posted a new image','posted','unread','2017-12-02 04:30:41',NULL),(414,41,45,101,' has posted a new image','posted','unread','2017-12-02 04:30:41',NULL),(415,41,46,101,' has posted a new image','posted','unread','2017-12-02 04:30:41',NULL),(416,41,47,101,' has posted a new image','posted','unread','2017-12-02 04:30:41',NULL),(417,41,48,101,' has posted a new image','posted','unread','2017-12-02 04:30:41',NULL),(418,41,49,101,' has posted a new image','posted','unread','2017-12-02 04:30:41',NULL),(419,41,50,101,' has posted a new image','posted','unread','2017-12-02 04:30:41',NULL),(420,41,51,101,' has posted a new image','posted','unread','2017-12-02 04:30:41',NULL),(421,41,52,101,' has posted a new image','posted','unread','2017-12-02 04:30:41',NULL),(422,41,53,101,' has posted a new image','posted','unread','2017-12-02 04:30:41',NULL),(423,41,54,101,' has posted a new image','posted','unread','2017-12-02 04:30:41',NULL),(424,41,55,101,' has posted a new image','posted','unread','2017-12-02 04:30:41',NULL),(425,41,56,101,' has posted a new image','posted','unread','2017-12-02 04:30:41',NULL),(426,41,57,101,' has posted a new image','posted','unread','2017-12-02 04:30:41',NULL),(427,41,58,101,' has posted a new image','posted','unread','2017-12-02 04:30:41',NULL),(428,41,59,101,' has posted a new image','posted','unread','2017-12-02 04:30:41',NULL),(429,41,60,101,' has posted a new image','posted','unread','2017-12-02 04:30:41',NULL),(430,41,61,101,' has posted a new image','posted','unread','2017-12-02 04:30:41',NULL),(431,41,42,102,' has posted a new video','posted','unread','2017-12-02 04:31:47',NULL),(432,41,44,102,' has posted a new video','posted','unread','2017-12-02 04:31:47',NULL),(433,41,45,102,' has posted a new video','posted','unread','2017-12-02 04:31:47',NULL),(434,41,46,102,' has posted a new video','posted','unread','2017-12-02 04:31:47',NULL),(435,41,47,102,' has posted a new video','posted','unread','2017-12-02 04:31:47',NULL),(436,41,48,102,' has posted a new video','posted','unread','2017-12-02 04:31:47',NULL),(437,41,49,102,' has posted a new video','posted','unread','2017-12-02 04:31:47',NULL),(438,41,50,102,' has posted a new video','posted','unread','2017-12-02 04:31:47',NULL),(439,41,51,102,' has posted a new video','posted','unread','2017-12-02 04:31:47',NULL),(440,41,52,102,' has posted a new video','posted','unread','2017-12-02 04:31:47',NULL),(441,41,53,102,' has posted a new video','posted','unread','2017-12-02 04:31:47',NULL),(442,41,54,102,' has posted a new video','posted','unread','2017-12-02 04:31:47',NULL),(443,41,55,102,' has posted a new video','posted','unread','2017-12-02 04:31:47',NULL),(444,41,56,102,' has posted a new video','posted','unread','2017-12-02 04:31:47',NULL),(445,41,57,102,' has posted a new video','posted','unread','2017-12-02 04:31:47',NULL),(446,41,58,102,' has posted a new video','posted','unread','2017-12-02 04:31:47',NULL),(447,41,59,102,' has posted a new video','posted','unread','2017-12-02 04:31:47',NULL),(448,41,60,102,' has posted a new video','posted','unread','2017-12-02 04:31:47',NULL),(449,41,61,102,' has posted a new video','posted','unread','2017-12-02 04:31:47',NULL),(450,43,63,103,'Emmanuel Francis has posted a new image','posted','unread','2017-12-04 06:48:48',NULL),(451,43,84,103,'Emmanuel Francis has posted a new image','posted','unread','2017-12-04 06:48:48',NULL),(452,43,42,104,'Emmanuel Francis has posted a new image','posted','unread','2017-12-04 07:06:28',NULL),(453,43,44,104,'Emmanuel Francis has posted a new image','posted','unread','2017-12-04 07:06:28',NULL),(454,43,45,104,'Emmanuel Francis has posted a new image','posted','unread','2017-12-04 07:06:28',NULL),(455,43,48,104,'Emmanuel Francis has posted a new image','posted','unread','2017-12-04 07:06:28',NULL),(456,43,55,104,'Emmanuel Francis has posted a new image','posted','unread','2017-12-04 07:06:28',NULL),(457,43,62,104,'Emmanuel Francis has posted a new image','posted','unread','2017-12-04 07:06:28',NULL),(458,43,63,104,'Emmanuel Francis has posted a new image','posted','unread','2017-12-04 07:06:28',NULL),(459,43,64,104,'Emmanuel Francis has posted a new image','posted','unread','2017-12-04 07:06:28',NULL),(460,43,71,104,'Emmanuel Francis has posted a new image','posted','unread','2017-12-04 07:06:28',NULL),(461,43,82,104,'Emmanuel Francis has posted a new image','posted','unread','2017-12-04 07:06:28',NULL),(462,43,84,104,'Emmanuel Francis has posted a new image','posted','unread','2017-12-04 07:06:28',NULL),(463,43,42,105,'Emmanuel Francis has posted a new image','posted','unread','2017-12-04 08:08:56',NULL),(464,43,63,105,'Emmanuel Francis has posted a new image','posted','unread','2017-12-04 08:08:56',NULL),(465,43,42,106,'Emmanuel Francis has posted a new image','posted','unread','2017-12-04 09:01:38',NULL),(466,43,63,106,'Emmanuel Francis has posted a new image','posted','unread','2017-12-04 09:01:40',NULL),(467,43,84,106,'Emmanuel Francis has posted a new image','posted','unread','2017-12-04 09:01:40',NULL),(468,43,42,107,'Emmanuel Francis has posted a new image','posted','unread','2017-12-04 09:01:52',NULL),(469,43,44,107,'Emmanuel Francis has posted a new image','posted','unread','2017-12-04 09:01:52',NULL),(470,43,45,107,'Emmanuel Francis has posted a new image','posted','unread','2017-12-04 09:01:52',NULL),(471,43,48,107,'Emmanuel Francis has posted a new image','posted','unread','2017-12-04 09:01:53',NULL),(472,43,55,107,'Emmanuel Francis has posted a new image','posted','unread','2017-12-04 09:01:53',NULL),(473,43,62,107,'Emmanuel Francis has posted a new image','posted','unread','2017-12-04 09:01:53',NULL),(474,43,63,107,'Emmanuel Francis has posted a new image','posted','unread','2017-12-04 09:01:53',NULL),(475,43,64,107,'Emmanuel Francis has posted a new image','posted','unread','2017-12-04 09:01:54',NULL),(476,43,71,107,'Emmanuel Francis has posted a new image','posted','unread','2017-12-04 09:01:54',NULL),(477,43,82,107,'Emmanuel Francis has posted a new image','posted','unread','2017-12-04 09:01:54',NULL),(478,43,84,107,'Emmanuel Francis has posted a new image','posted','unread','2017-12-04 09:01:54',NULL),(480,63,43,108,'Jennifer Francis has posted a new image','posted','unread','2017-12-04 11:45:06',NULL),(481,63,42,109,'Jennifer Francis has posted a new image','posted','unread','2017-12-04 11:46:00',NULL),(482,63,43,109,'Jennifer Francis has posted a new image','posted','unread','2017-12-04 11:46:00',NULL),(483,63,43,110,'Jennifer Francis has posted a new image','posted','unread','2017-12-04 11:46:24',NULL),(484,63,43,111,'Jennifer Francis has posted a new image','posted','unread','2017-12-04 11:51:16',NULL),(485,63,43,112,'Jennifer Francis has posted a new image','posted','unread','2017-12-04 11:51:34',NULL),(487,43,63,113,'Emmanuel Francis has posted a new image','posted','unread','2017-12-04 14:18:58',NULL),(488,63,43,114,'Jennifer Francis has posted a new video','posted','unread','2017-12-04 14:41:16',NULL),(489,43,42,115,'Emmanuel Francis has posted a new video','posted','unread','2017-12-04 16:19:06',NULL),(490,43,63,115,'Emmanuel Francis has posted a new video','posted','unread','2017-12-04 16:19:06',NULL),(491,43,63,116,'Emmanuel Francis has posted a new video','posted','unread','2017-12-04 16:31:53',NULL),(492,63,43,117,'Jennifer Francis has posted a new video','posted','unread','2017-12-05 08:31:04',NULL),(493,63,43,118,'Jennifer Francis has posted a new video','posted','unread','2017-12-05 08:33:02',NULL),(494,63,43,119,'Jennifer Francis has posted a new video','posted','unread','2017-12-05 08:39:05',NULL),(495,63,64,119,'Jennifer Francis has posted a new video','posted','unread','2017-12-05 08:39:05',NULL),(496,63,43,120,'Jennifer Francis has posted a new video','posted','unread','2017-12-05 08:42:51',NULL),(497,1,5,121,' has posted a new image','posted','unread','2017-12-05 09:35:36',NULL),(498,1,6,121,' has posted a new image','posted','unread','2017-12-05 09:35:36',NULL),(499,1,5,122,' has posted a new image','posted','unread','2017-12-05 09:36:08',NULL),(500,1,6,122,' has posted a new image','posted','unread','2017-12-05 09:36:08',NULL),(501,2,3,123,' has posted a new image','posted','unread','2017-12-05 09:36:44',NULL),(502,2,5,123,' has posted a new image','posted','unread','2017-12-05 09:36:44',NULL),(503,2,1,124,' has posted a new image','posted','unread','2017-12-05 09:39:07',NULL),(504,2,3,124,' has posted a new image','posted','unread','2017-12-05 09:39:07',NULL),(505,43,42,126,'Emmanuel Francis has posted a new image','posted','unread','2017-12-05 09:39:34',NULL),(506,43,44,126,'Emmanuel Francis has posted a new image','posted','unread','2017-12-05 09:39:34',NULL),(507,43,62,126,'Emmanuel Francis has posted a new image','posted','unread','2017-12-05 09:39:34',NULL),(508,43,63,126,'Emmanuel Francis has posted a new image','posted','unread','2017-12-05 09:39:34',NULL),(509,43,85,126,'Emmanuel Francis has posted a new image','posted','unread','2017-12-05 09:39:35',NULL),(510,43,86,126,'Emmanuel Francis has posted a new image','posted','unread','2017-12-05 09:39:35',NULL),(511,43,51,126,'Emmanuel Francis has posted a new image','posted','unread','2017-12-05 09:39:35',NULL),(512,43,82,126,'Emmanuel Francis has posted a new image','posted','unread','2017-12-05 09:39:35',NULL),(513,43,84,126,'Emmanuel Francis has posted a new image','posted','unread','2017-12-05 09:39:35',NULL),(514,43,71,126,'Emmanuel Francis has posted a new image','posted','unread','2017-12-05 09:39:35',NULL),(515,43,64,126,'Emmanuel Francis has posted a new image','posted','unread','2017-12-05 09:39:35',NULL),(516,63,43,127,'Jennifer Francis has posted a new video','posted','unread','2017-12-05 09:50:18',NULL),(517,63,64,127,'Jennifer Francis has posted a new video','posted','unread','2017-12-05 09:50:18',NULL),(518,63,43,128,'Jennifer Francis has posted a new video','posted','unread','2017-12-05 09:50:42',NULL),(519,63,43,129,'Jennifer Francis has posted a new video','posted','unread','2017-12-05 09:53:13',NULL),(520,63,64,129,'Jennifer Francis has posted a new video','posted','unread','2017-12-05 09:53:13',NULL),(521,3,5,130,' has posted a new image','posted','unread','2017-12-05 09:56:32',NULL),(522,50,62,131,'DeAndra Ogala has posted a new image','posted','unread','2017-12-05 13:13:13',NULL),(523,44,45,132,'Carl  Nnaji has posted a new image','posted','unread','2017-12-06 23:06:39',NULL),(524,44,48,132,'Carl  Nnaji has posted a new image','posted','unread','2017-12-06 23:06:39',NULL),(525,44,64,132,'Carl  Nnaji has posted a new image','posted','unread','2017-12-06 23:06:39',NULL),(526,44,67,132,'Carl  Nnaji has posted a new image','posted','unread','2017-12-06 23:06:39',NULL),(527,43,63,133,'Emmanuel Francis has posted a new image','posted','unread','2017-12-12 07:40:00',NULL),(528,63,43,134,'Jennifer Francis has posted a new image','posted','unread','2017-12-12 07:48:59',NULL),(529,86,43,135,'Kenny Simon has posted a new image','posted','unread','2017-12-12 07:52:11',NULL),(530,43,63,136,'Emmanuel Francis has posted a new image','posted','unread','2017-12-12 12:09:57',NULL),(531,44,55,137,'Carl  Nnaji has posted a new image','posted','unread','2017-12-13 01:02:58',NULL),(532,44,55,138,'Carl  Nnaji has posted a new image','posted','unread','2017-12-13 01:03:17',NULL),(533,44,43,139,'Carl  Nnaji has posted a new image','posted','unread','2017-12-13 01:04:09',NULL),(534,44,51,139,'Carl  Nnaji has posted a new image','posted','unread','2017-12-13 01:04:09',NULL),(535,44,48,140,'Carl  Nnaji has posted a new image','posted','unread','2017-12-13 02:47:39',NULL),(536,44,44,141,'Carl  Nnaji has posted a new image','posted','unread','2017-12-13 02:48:27',NULL),(537,44,48,142,'Carl  Nnaji has posted a new image','posted','unread','2017-12-13 02:48:49',NULL),(538,44,43,143,'Carl  Nnaji has posted a new image','posted','unread','2017-12-13 02:51:16',NULL),(539,44,43,144,'Carl  Nnaji has posted a new image','posted','unread','2017-12-13 02:51:26',NULL),(540,44,43,145,'Carl  Nnaji has posted a new image','posted','unread','2017-12-13 02:51:40',NULL),(541,44,44,146,'Carl  Nnaji has posted a new image','posted','unread','2017-12-15 02:29:21',NULL),(542,44,64,147,'Carl  Nnaji has posted a new video','posted','unread','2017-12-15 03:34:14',NULL),(543,44,64,148,'Carl  Nnaji has posted a new video','posted','unread','2017-12-15 03:35:38',NULL),(544,44,64,149,'Carl  Nnaji has posted a new video','posted','unread','2017-12-15 07:38:32',NULL),(545,44,67,150,'Carl  Nnaji has posted a new image','posted','unread','2017-12-15 17:10:40',NULL),(546,43,63,151,'Emmanuel Francis has posted a new image','posted','unread','2018-01-03 12:01:11',NULL),(547,43,63,152,'Emmanuel Francis has posted a new image','posted','unread','2018-01-03 12:03:45',NULL),(548,63,43,151,'Jennifer Francis has commented on your post','commentpost','unread','2018-01-03 12:42:27',NULL),(549,63,43,153,'Jennifer Francis has posted a new image','posted','unread','2018-01-04 08:20:53',NULL),(550,63,43,154,'Jennifer Francis has posted a new image','posted','unread','2018-01-04 08:21:06',NULL),(551,63,43,155,'Jennifer Francis has posted a new image','posted','unread','2018-01-04 08:21:42',NULL),(552,63,43,156,'Jennifer Francis has posted a new image','posted','unread','2018-01-04 08:24:17',NULL),(553,63,43,157,'Jennifer Francis has posted a new image','posted','unread','2018-01-04 08:26:42',NULL),(554,63,43,158,'Jennifer Francis has posted a new video','posted','unread','2018-01-04 08:27:19',NULL),(555,63,43,159,'Jennifer Francis has posted a new image','posted','unread','2018-01-04 08:30:50',NULL),(556,63,43,160,'Jennifer Francis has posted a new image','posted','unread','2018-01-04 08:33:12',NULL),(557,43,63,161,'Emmanuel Francis has posted a new image','posted','unread','2018-01-04 08:35:49',NULL),(558,NULL,43,162,' has posted a new image','posted','unread','2018-01-04 08:39:50',NULL),(559,63,43,163,'Jennifer Francis has posted a new image','posted','unread','2018-01-04 08:39:58',NULL),(560,63,43,164,'Jennifer Francis has posted a new image','posted','unread','2018-01-04 08:41:22',NULL),(561,3,43,165,' has posted a new image','posted','unread','2018-01-04 08:45:46',NULL),(562,3,43,166,' has posted a new image','posted','unread','2018-01-04 08:50:20',NULL),(563,3,43,167,' has posted a new image','posted','unread','2018-01-04 08:52:06',NULL),(564,63,43,168,'Jennifer Francis has posted a new image','posted','unread','2018-01-04 08:53:19',NULL),(565,3,43,169,' has posted a new image','posted','unread','2018-01-04 08:53:23',NULL),(566,3,43,170,' has posted a new image','posted','unread','2018-01-04 08:54:05',NULL),(567,63,43,171,'Jennifer Francis has posted a new image','posted','unread','2018-01-04 08:54:35',NULL),(568,3,43,172,' has posted a new image','posted','unread','2018-01-04 08:54:50',NULL),(569,3,43,173,' has posted a new image','posted','unread','2018-01-04 08:55:32',NULL),(570,63,43,174,'Jennifer Francis has posted a new image','posted','unread','2018-01-04 08:55:51',NULL),(571,63,43,175,'Jennifer Francis has posted a new image','posted','unread','2018-01-04 08:56:32',NULL),(572,43,63,176,'Emmanuel Francis has posted a new image','posted','unread','2018-01-05 09:19:38',NULL),(573,43,63,177,'Emmanuel Francis has posted a new image','posted','unread','2018-01-05 09:51:50',NULL),(574,44,43,178,'Carl  Nnaji has posted a new image','posted','unread','2018-01-05 12:14:26',NULL),(575,44,48,179,'Carl  Nnaji has posted a new video','posted','unread','2018-01-30 14:01:07',NULL),(576,44,48,180,'Carl  Nnaji has posted a new video','posted','unread','2018-01-30 14:01:13',NULL),(577,44,48,181,'Carl  Nnaji has posted a new video','posted','unread','2018-01-30 14:02:50',NULL),(578,44,48,182,'Carl  Nnaji has posted a new video','posted','unread','2018-01-30 14:02:55',NULL),(579,44,48,183,'Carl  Nnaji has posted a new image','posted','unread','2018-01-30 19:54:02',NULL),(580,44,67,183,'Carl  Nnaji has posted a new image','posted','unread','2018-01-30 19:54:02',NULL),(581,44,45,184,'Carl  Nnaji has posted a new image','posted','unread','2018-01-30 20:02:04',NULL),(582,44,48,184,'Carl  Nnaji has posted a new image','posted','unread','2018-01-30 20:02:04',NULL),(583,45,44,184,'Tempo Carl has liked your post','likepost','processed','2018-01-30 22:11:10',NULL),(584,44,45,185,'Carl  Nnaji has posted a new video','posted','unread','2018-02-01 17:42:28',NULL),(585,44,59,185,'Carl  Nnaji has posted a new video','posted','unread','2018-02-01 17:42:28',NULL),(586,44,62,185,'Carl  Nnaji has posted a new video','posted','unread','2018-02-01 17:42:28',NULL),(587,44,64,185,'Carl  Nnaji has posted a new video','posted','unread','2018-02-01 17:42:28',NULL),(588,44,67,185,'Carl  Nnaji has posted a new video','posted','unread','2018-02-01 17:42:28',NULL),(589,44,45,186,'Carl  Nnaji has posted a new video','posted','unread','2018-02-01 17:42:29',NULL),(590,44,59,186,'Carl  Nnaji has posted a new video','posted','unread','2018-02-01 17:42:29',NULL),(591,44,62,186,'Carl  Nnaji has posted a new video','posted','unread','2018-02-01 17:42:29',NULL),(592,44,64,186,'Carl  Nnaji has posted a new video','posted','unread','2018-02-01 17:42:29',NULL),(593,44,67,186,'Carl  Nnaji has posted a new video','posted','unread','2018-02-01 17:42:29',NULL),(594,44,59,187,'Carl  Nnaji has posted a new video','posted','unread','2018-02-04 08:29:09',NULL),(595,44,64,187,'Carl  Nnaji has posted a new video','posted','unread','2018-02-04 08:29:10',NULL),(596,44,99,187,'Carl  Nnaji has posted a new video','posted','unread','2018-02-04 08:29:10',NULL),(597,44,59,188,'Carl  Nnaji has posted a new video','posted','unread','2018-02-04 08:29:13',NULL),(598,44,64,188,'Carl  Nnaji has posted a new video','posted','unread','2018-02-04 08:29:13',NULL),(599,44,99,188,'Carl  Nnaji has posted a new video','posted','unread','2018-02-04 08:29:14',NULL),(600,44,45,189,'Carl  Nnaji has posted a new video','posted','unread','2018-02-04 08:32:48',NULL),(601,44,48,189,'Carl  Nnaji has posted a new video','posted','unread','2018-02-04 08:32:48',NULL),(602,44,59,189,'Carl  Nnaji has posted a new video','posted','unread','2018-02-04 08:32:48',NULL),(603,44,62,189,'Carl  Nnaji has posted a new video','posted','unread','2018-02-04 08:32:48',NULL),(604,44,64,189,'Carl  Nnaji has posted a new video','posted','unread','2018-02-04 08:32:48',NULL),(605,62,43,190,'Uwaoma  Nwogwugwu  has posted a new video','posted','unread','2018-02-07 07:39:44',NULL),(606,62,44,190,'Uwaoma  Nwogwugwu  has posted a new video','posted','unread','2018-02-07 07:39:44',NULL),(607,62,64,190,'Uwaoma  Nwogwugwu  has posted a new video','posted','unread','2018-02-07 07:39:44',NULL),(608,62,84,190,'Uwaoma  Nwogwugwu  has posted a new video','posted','unread','2018-02-07 07:39:44',NULL),(609,62,95,190,'Uwaoma  Nwogwugwu  has posted a new video','posted','unread','2018-02-07 07:39:45',NULL),(610,62,124,190,'Uwaoma  Nwogwugwu  has posted a new video','posted','unread','2018-02-07 07:39:45',NULL),(611,62,43,191,'Uwaoma  Nwogwugwu  has posted a new video','posted','unread','2018-02-07 08:24:07',NULL),(612,62,44,191,'Uwaoma  Nwogwugwu  has posted a new video','posted','unread','2018-02-07 08:24:07',NULL),(613,62,64,191,'Uwaoma  Nwogwugwu  has posted a new video','posted','unread','2018-02-07 08:24:08',NULL),(614,62,84,191,'Uwaoma  Nwogwugwu  has posted a new video','posted','unread','2018-02-07 08:24:08',NULL),(615,62,95,191,'Uwaoma  Nwogwugwu  has posted a new video','posted','unread','2018-02-07 08:24:08',NULL),(616,62,124,191,'Uwaoma  Nwogwugwu  has posted a new video','posted','unread','2018-02-07 08:24:08',NULL),(617,43,117,192,'Emmanuel Francis has posted a new video','posted','unread','2018-02-07 08:26:54',NULL),(618,43,63,193,'Emmanuel Francis has posted a new image','posted','unread','2018-02-07 10:15:59',NULL),(619,43,117,193,'Emmanuel Francis has posted a new image','posted','unread','2018-02-07 10:15:59',NULL),(620,117,43,194,'Shivani Ghatwai has posted a new video','posted','unread','2018-02-07 10:19:19',NULL),(621,117,43,195,'Shivani Ghatwai has posted a new video','posted','unread','2018-02-07 10:19:19',NULL),(622,117,43,196,'Shivani Ghatwai has posted a new image','posted','unread','2018-02-07 11:27:02',NULL),(623,117,43,197,'Shivani Ghatwai has posted a new video','posted','unread','2018-02-07 11:27:37',NULL),(624,117,43,198,'Shivani Ghatwai has posted a new video','posted','unread','2018-02-07 11:28:57',NULL),(625,44,62,191,'Carl  Nnaji has liked your post','likepost','processed','2018-02-07 12:20:57',NULL),(626,44,62,191,'Carl  Nnaji has liked your post','likepost','processed','2018-02-07 12:21:02',NULL),(627,44,62,191,'Carl  Nnaji has liked your post','likepost','processed','2018-02-07 12:24:57',NULL),(628,44,62,190,'Carl  Nnaji has liked your post','likepost','processed','2018-02-07 12:25:01',NULL),(629,44,62,190,'Carl  Nnaji has liked your post','likepost','processed','2018-02-07 12:28:03',NULL),(630,44,62,191,'Carl  Nnaji has liked your post','likepost','processed','2018-02-07 12:28:06',NULL),(631,62,43,199,'Uwaoma  Nwogwugwu  has posted a new image','posted','unread','2018-02-07 17:29:16',NULL),(632,62,44,199,'Uwaoma  Nwogwugwu  has posted a new image','posted','unread','2018-02-07 17:29:16',NULL),(633,62,64,199,'Uwaoma  Nwogwugwu  has posted a new image','posted','unread','2018-02-07 17:29:16',NULL),(634,62,84,199,'Uwaoma  Nwogwugwu  has posted a new image','posted','unread','2018-02-07 17:29:17',NULL),(635,62,95,199,'Uwaoma  Nwogwugwu  has posted a new image','posted','unread','2018-02-07 17:29:17',NULL),(636,62,124,199,'Uwaoma  Nwogwugwu  has posted a new image','posted','unread','2018-02-07 17:29:18',NULL),(637,84,43,200,'Laksh Parmar has posted a new image','posted','unread','2018-02-08 11:58:10',NULL),(638,84,117,200,'Laksh Parmar has posted a new image','posted','unread','2018-02-08 11:58:11',NULL),(639,117,84,200,'Shivani Ghatwai has commented on your post','commentpost','unread','2018-02-08 12:00:26',NULL),(640,117,84,200,'Shivani Ghatwai has commented on your post','commentpost','unread','2018-02-08 12:20:40',NULL),(641,84,84,200,'Laksh Parmar has commented on your post','commentpost','unread','2018-02-08 12:21:54',NULL),(642,44,62,201,'Carl  Nnaji has posted a new video','posted','unread','2018-02-08 12:32:00',NULL),(643,44,64,201,'Carl  Nnaji has posted a new video','posted','unread','2018-02-08 12:32:02',NULL),(644,44,48,202,'Carl  Nnaji has posted a new video','posted','unread','2018-02-08 12:49:59',NULL),(645,44,62,202,'Carl  Nnaji has posted a new video','posted','unread','2018-02-08 12:49:59',NULL),(646,44,64,202,'Carl  Nnaji has posted a new video','posted','unread','2018-02-08 12:49:59',NULL),(647,44,45,203,'Carl  Nnaji has posted a new video','posted','unread','2018-02-08 13:57:06',NULL),(648,44,62,203,'Carl  Nnaji has posted a new video','posted','unread','2018-02-08 13:57:06',NULL),(649,44,64,203,'Carl  Nnaji has posted a new video','posted','unread','2018-02-08 13:57:06',NULL),(650,105,44,204,'Fadi Almasri has posted a new image','posted','unread','2018-02-08 20:48:17',NULL),(651,105,44,205,'Fadi Almasri has posted a new image','posted','unread','2018-02-08 20:48:32',NULL),(652,105,44,206,'Fadi Almasri has posted a new image','posted','unread','2018-02-08 20:48:43',NULL),(653,105,44,207,'Fadi Almasri has posted a new image','posted','unread','2018-02-08 21:33:02',NULL),(654,105,44,208,'Fadi Almasri has posted a new image','posted','unread','2018-02-08 21:52:10',NULL),(655,105,44,209,'Fadi Almasri has posted a new video','posted','unread','2018-02-08 22:19:00',NULL),(656,44,45,210,'Carl  Nnaji has posted a new image','posted','unread','2018-02-09 00:14:51',NULL),(657,44,59,210,'Carl  Nnaji has posted a new image','posted','unread','2018-02-09 00:14:51',NULL),(658,44,62,210,'Carl  Nnaji has posted a new image','posted','unread','2018-02-09 00:14:51',NULL),(659,44,64,210,'Carl  Nnaji has posted a new image','posted','unread','2018-02-09 00:14:51',NULL),(660,105,44,211,'Fadi Almasri has posted a new video','posted','unread','2018-02-09 00:18:14',NULL),(661,43,63,212,'Emmanuel Francis has posted a new image','posted','unread','2018-02-09 02:48:42',NULL),(662,43,63,213,'Emmanuel Francis has posted a new video','posted','unread','2018-02-09 02:49:06',NULL),(663,43,63,214,'Emmanuel Francis has posted a new video','posted','unread','2018-02-09 06:34:26',NULL),(664,43,63,215,'Emmanuel Francis has posted a new video','posted','unread','2018-02-09 06:34:57',NULL),(665,43,117,215,'Emmanuel Francis has posted a new video','posted','unread','2018-02-09 06:34:57',NULL),(666,43,63,216,'Emmanuel Francis has posted a new video','posted','unread','2018-02-09 06:35:00',NULL),(667,43,117,216,'Emmanuel Francis has posted a new video','posted','unread','2018-02-09 06:35:00',NULL),(668,43,63,217,'Emmanuel Francis has posted a new video','posted','unread','2018-02-09 06:35:46',NULL),(669,43,117,217,'Emmanuel Francis has posted a new video','posted','unread','2018-02-09 06:35:46',NULL),(670,43,63,218,'Emmanuel Francis has posted a new video','posted','unread','2018-02-09 06:36:17',NULL),(671,43,84,218,'Emmanuel Francis has posted a new video','posted','unread','2018-02-09 06:36:17',NULL),(672,43,63,219,'Emmanuel Francis has posted a new video','posted','unread','2018-02-09 06:36:21',NULL),(673,43,84,219,'Emmanuel Francis has posted a new video','posted','unread','2018-02-09 06:36:21',NULL),(674,117,43,220,'Shivani Ghatwai has posted a new video','posted','unread','2018-02-09 07:44:21',NULL),(675,117,43,221,'Shivani Ghatwai has posted a new video','posted','unread','2018-02-09 07:48:42',NULL),(676,43,117,222,'Emmanuel Francis has posted a new video','posted','unread','2018-02-09 07:58:13',NULL),(677,117,43,223,'Shivani Ghatwai has posted a new image','posted','unread','2018-02-09 08:00:03',NULL),(678,43,117,224,'Emmanuel Francis has posted a new image','posted','unread','2018-02-09 08:01:47',NULL),(679,43,117,225,'Emmanuel Francis has posted a new image','posted','unread','2018-02-09 08:51:53',NULL),(680,117,43,226,'Shivani Ghatwai has posted a new image','posted','unread','2018-02-09 08:53:28',NULL),(681,43,117,227,'Emmanuel Francis has posted a new video','posted','unread','2018-02-09 08:55:11',NULL),(682,117,43,228,'Shivani Ghatwai has posted a new video','posted','unread','2018-02-09 09:28:05',NULL),(683,117,43,229,'Shivani Ghatwai has posted a new video','posted','unread','2018-02-09 09:42:22',NULL),(684,43,117,230,'Emmanuel Francis has posted a new image','posted','unread','2018-02-09 09:55:41',NULL),(685,43,117,231,'Emmanuel Francis has posted a new image','posted','unread','2018-02-09 10:01:02',NULL),(686,117,43,232,'Shivani Ghatwai has posted a new image','posted','unread','2018-02-09 10:08:06',NULL),(687,117,43,233,'Shivani Ghatwai has posted a new video','posted','unread','2018-02-09 10:10:31',NULL),(688,43,117,234,'Emmanuel Francis has posted a new image','posted','unread','2018-02-09 10:14:58',NULL),(689,117,43,235,'Shivani Ghatwai has posted a new image','posted','unread','2018-02-09 10:44:14',NULL),(690,117,43,236,'Shivani Ghatwai has posted a new image','posted','unread','2018-02-09 10:49:18',NULL),(691,117,43,237,'Shivani Ghatwai has posted a new image','posted','unread','2018-02-09 11:03:42',NULL),(692,117,43,238,'Shivani Ghatwai has posted a new image','posted','unread','2018-02-09 11:07:49',NULL),(693,117,43,239,'Shivani Ghatwai has posted a new image','posted','unread','2018-02-09 11:25:16',NULL),(694,117,43,240,'Shivani Ghatwai has posted a new image','posted','unread','2018-02-09 11:28:10',NULL),(695,117,43,241,'Shivani Ghatwai has posted a new image','posted','unread','2018-02-09 11:28:52',NULL),(696,117,43,242,'Shivani Ghatwai has posted a new image','posted','unread','2018-02-09 11:28:57',NULL),(697,117,43,243,'Shivani Ghatwai has posted a new image','posted','unread','2018-02-09 11:29:26',NULL),(698,117,43,244,'Shivani Ghatwai has posted a new image','posted','unread','2018-02-09 11:29:41',NULL),(699,117,43,245,'Shivani Ghatwai has posted a new image','posted','unread','2018-02-09 11:30:45',NULL),(700,117,43,246,'Shivani Ghatwai has posted a new image','posted','unread','2018-02-09 11:30:49',NULL),(701,117,43,247,'Shivani Ghatwai has posted a new image','posted','unread','2018-02-09 11:30:53',NULL),(702,117,43,248,'Shivani Ghatwai has posted a new image','posted','unread','2018-02-09 11:32:15',NULL),(703,117,43,249,'Shivani Ghatwai has posted a new image','posted','unread','2018-02-09 11:32:57',NULL),(704,117,43,250,'Shivani Ghatwai has posted a new image','posted','unread','2018-02-09 11:33:08',NULL),(705,117,43,251,'Shivani Ghatwai has posted a new image','posted','unread','2018-02-09 11:33:21',NULL),(706,44,45,252,'Carl  Nnaji has posted a new video','posted','unread','2018-02-09 12:27:41',NULL),(707,44,62,252,'Carl  Nnaji has posted a new video','posted','unread','2018-02-09 12:27:41',NULL),(708,44,64,252,'Carl  Nnaji has posted a new video','posted','unread','2018-02-09 12:27:41',NULL),(709,44,105,252,'Carl  Nnaji has posted a new video','posted','unread','2018-02-09 12:27:41',NULL),(710,105,44,253,'Fadi Almasri has posted a new image','posted','unread','2018-02-09 21:48:01',NULL),(711,105,44,254,'Fadi Almasri has posted a new image','posted','unread','2018-02-10 00:58:37',NULL);
/*!40000 ALTER TABLE `user_post_notifications` ENABLE KEYS */;
UNLOCK TABLES;

--
-- Table structure for table `user_posts`
--

DROP TABLE IF EXISTS `user_posts`;
/*!40101 SET @saved_cs_client     = @@character_set_client */;
/*!40101 SET character_set_client = utf8 */;
CREATE TABLE `user_posts` (
  `user_post_id` int(11) NOT NULL AUTO_INCREMENT,
  `user_post_type` varchar(20) DEFAULT NULL,
  `user_post_data` text,
  `user_post_thumb` varchar(150) DEFAULT NULL,
  `thumbnailDone` int(11) DEFAULT '0',
  `user_post_by` int(11) DEFAULT NULL,
  `user_post_status` varchar(20) DEFAULT NULL,
  `like_count` int(11) DEFAULT '0',
  `comment_count` int(11) DEFAULT '0',
  `created_at` datetime DEFAULT CURRENT_TIMESTAMP,
  `updated_at` datetime DEFAULT CURRENT_TIMESTAMP ON UPDATE CURRENT_TIMESTAMP,
  `isdeleted` int(11) DEFAULT '0' COMMENT '0-Not Deleted; 1-Deleted',
  PRIMARY KEY (`user_post_id`)
) ENGINE=MyISAM AUTO_INCREMENT=255 DEFAULT CHARSET=latin1;
/*!40101 SET character_set_client = @saved_cs_client */;

--
-- Dumping data for table `user_posts`
--

LOCK TABLES `user_posts` WRITE;
/*!40000 ALTER TABLE `user_posts` DISABLE KEYS */;
INSERT INTO `user_posts` VALUES (35,'image','https://s3-us-west-2.amazonaws.com/tempoproduction/user_post/35.jpeg',NULL,0,45,'',0,0,'2017-10-10 13:51:44','2017-11-23 07:50:01',1),(36,'image','https://s3-us-west-2.amazonaws.com/tempoproduction/user_post/36.jpeg',NULL,0,45,'',0,0,'2017-10-10 18:49:25','2017-11-23 07:50:01',1),(37,'image','https://s3-us-west-2.amazonaws.com/tempoproduction/user_post/37.jpeg',NULL,0,45,'',1,0,'2017-10-10 19:03:50','2017-11-23 07:50:01',1),(38,'image','https://s3-us-west-2.amazonaws.com/tempoproduction/user_post/38.jpeg',NULL,0,45,'',0,0,'2017-10-11 18:09:42','2017-11-23 07:50:01',1),(158,'video','https://s3-us-west-2.amazonaws.com/tempoproduction/user_post/1515054539_158.mov',NULL,0,63,'',0,0,'2018-01-04 08:27:19','2018-01-06 05:00:01',1),(42,'image','https://s3-us-west-2.amazonaws.com/tempoproduction/user_post/42.jpeg',NULL,0,63,'',1,1,'2017-10-16 05:11:19','2017-11-23 07:50:01',1),(157,'image','https://s3-us-west-2.amazonaws.com/tempoproduction/user_post/1515054502_.jpeg','https://s3-us-west-2.amazonaws.com/tempoproduction/user_post_thumbs/thumb_1515054502_.jpg',1,63,'',0,0,'2018-01-04 08:26:42','2018-01-06 05:00:01',1),(122,'image','https://s3-us-west-2.amazonaws.com/tempoproduction/user_post/1512466668_.jpg','https://s3-us-west-2.amazonaws.com/tempoproduction/user_post_thumbs/thumb_1512466668_.jpg',1,1,'',0,0,'2017-12-05 09:36:08','2017-12-06 10:37:01',1),(121,'image','https://s3-us-west-2.amazonaws.com/tempoproduction/user_post/1512466636_.jpg','https://s3-us-west-2.amazonaws.com/tempoproduction/user_post_thumbs/thumb_1512466636_.jpg',1,1,'',0,0,'2017-12-05 09:35:36','2017-12-06 10:36:01',1),(191,'video','https://s3-us-west-2.amazonaws.com/tempoproduction/user_post/1517991947_191.mov','https://s3-us-west-2.amazonaws.com/tempoproduction/user_post_thumbs/thumb_1517991950.png',1,62,'',1,0,'2018-02-07 08:24:07','2018-02-09 05:00:01',1),(129,'video','https://s3-us-west-2.amazonaws.com/tempoproduction/user_post/1512467693_127.mov','https://s3-us-west-2.amazonaws.com/tempoproduction/user_post_thumbs/thumb_1512467694.png',1,63,'',0,0,'2017-12-05 09:53:13','2017-12-06 10:54:01',1),(120,'video','https://s3-us-west-2.amazonaws.com/tempoproduction/user_post/1512463471_120.mov','https://s3-us-west-2.amazonaws.com/tempoproduction/user_post_thumbs/thumb_1512463472.png',1,63,'',0,0,'2017-12-05 08:42:51','2017-12-06 09:43:01',1),(52,'image','https://s3-us-west-2.amazonaws.com/tempoproduction/user_post/52.jpeg',NULL,0,44,'',0,0,'2017-10-24 17:06:51','2017-11-23 07:50:01',1),(55,'image','https://s3-us-west-2.amazonaws.com/tempoproduction/user_post/55.png',NULL,0,43,'',0,0,'2017-11-15 10:21:54','2017-11-23 07:50:01',1),(56,'image','https://s3-us-west-2.amazonaws.com/tempoproduction/user_post/56.png',NULL,0,43,'',0,0,'2017-11-15 10:25:11','2017-11-23 07:50:01',1),(57,'image','https://s3-us-west-2.amazonaws.com/tempoproduction/user_post/57.png',NULL,0,43,'',0,0,'2017-11-15 10:43:54','2017-11-23 07:50:01',1),(155,'image','https://s3-us-west-2.amazonaws.com/tempoproduction/user_post/1515054202_.jpeg','https://s3-us-west-2.amazonaws.com/tempoproduction/user_post_thumbs/thumb_1515054202_.jpg',1,63,'',0,0,'2018-01-04 08:21:42','2018-01-06 05:00:01',1),(60,'video','https://s3-us-west-2.amazonaws.com/tempoproduction/user_post/1.mov',NULL,0,43,'',0,0,'2017-11-27 08:12:03','2017-11-28 09:13:01',1),(61,'video','https://s3-us-west-2.amazonaws.com/tempoproduction/user_post/61.mov',NULL,0,43,'',0,0,'2017-11-27 08:17:15','2017-11-28 09:18:01',1),(62,'video','https://s3-us-west-2.amazonaws.com/tempoproduction/user_post/62.mov',NULL,0,43,'',0,0,'2017-11-27 08:19:08','2017-11-28 09:20:01',1),(63,'image','https://s3-us-west-2.amazonaws.com/tempoproduction/user_post/63.jpeg',NULL,0,43,'',0,0,'2017-11-27 08:58:11','2017-11-28 09:59:01',1),(131,'image','https://s3-us-west-2.amazonaws.com/tempoproduction/user_post/1512479693_.xcf','https://s3-us-west-2.amazonaws.com/tempoproduction/user_post_thumbs/thumb_1512479693_.jpg',1,50,'',0,0,'2017-12-05 13:13:13','2017-12-06 14:14:01',1),(115,'video','https://s3-us-west-2.amazonaws.com/tempoproduction/user_post/1512404446_115.mov',NULL,0,43,'',0,0,'2017-12-04 16:19:06','2017-12-05 17:20:01',1),(66,'image','https://s3-us-west-2.amazonaws.com/tempoproduction/user_post/1.jpeg',NULL,0,82,'',0,0,'2017-11-29 11:35:42','2017-11-30 12:36:01',1),(67,'image','https://s3-us-west-2.amazonaws.com/tempoproduction/user_post/67.jpeg',NULL,0,43,'',0,0,'2017-11-29 12:55:05','2017-11-30 13:56:01',1),(68,'image','https://s3-us-west-2.amazonaws.com/tempoproduction/user_post/68.jpeg',NULL,0,43,'',0,0,'2017-11-29 13:02:07','2017-11-30 14:03:01',1),(70,'image','https://s3-us-west-2.amazonaws.com/tempoproduction/user_post/70.jpeg',NULL,0,43,'',0,0,'2017-11-30 06:05:14','2017-12-01 07:06:02',1),(71,'video','https://s3-us-west-2.amazonaws.com/tempoproduction/user_post/71.mov',NULL,0,43,'',0,0,'2017-11-30 08:52:04','2017-12-01 09:53:01',1),(72,'image','https://s3-us-west-2.amazonaws.com/tempoproduction/user_post/72.jpeg',NULL,0,43,'',0,0,'2017-11-30 08:52:26','2017-12-01 09:53:01',1),(108,'image','https://s3-us-west-2.amazonaws.com/tempoproduction/user_post/1512388006_.jpeg','https://s3-us-west-2.amazonaws.com/tempoproduction/user_post_thumbs/thumb_1512388006_.jpg',1,63,'',0,0,'2017-12-04 11:45:06','2017-12-05 12:46:01',1),(74,'image','https://s3-us-west-2.amazonaws.com/tempoproduction/user_post/74.jpeg',NULL,0,43,'',0,0,'2017-11-30 08:53:10','2017-12-01 09:54:01',1),(75,'image','https://s3-us-west-2.amazonaws.com/tempoproduction/user_post/75.jpeg',NULL,0,43,'',0,0,'2017-11-30 09:00:10','2017-12-01 10:01:01',1),(76,'image','https://s3-us-west-2.amazonaws.com/tempoproduction/user_post/76.jpeg',NULL,0,43,'',0,0,'2017-11-30 09:04:53','2017-12-01 10:05:01',1),(77,'image','https://s3-us-west-2.amazonaws.com/tempoproduction/user_post/77.jpeg',NULL,0,43,'',0,0,'2017-11-30 09:57:12','2017-12-01 10:58:01',1),(79,'image','https://s3-us-west-2.amazonaws.com/tempoproduction/user_post/79.jpeg',NULL,0,63,'',0,0,'2017-11-30 11:58:54','2017-12-01 12:59:01',1),(81,'image','https://s3-us-west-2.amazonaws.com/tempoproduction/user_post/81.jpeg',NULL,0,43,'',0,0,'2017-11-30 12:06:06','2017-12-01 13:07:01',1),(82,'image','https://s3-us-west-2.amazonaws.com/tempoproduction/user_post/82.jpeg',NULL,0,43,'',0,0,'2017-12-01 06:24:56','2017-12-02 07:25:01',1),(109,'image','https://s3-us-west-2.amazonaws.com/tempoproduction/user_post/1512388060_.jpeg','https://s3-us-west-2.amazonaws.com/tempoproduction/user_post_thumbs/thumb_1512388060_.jpg',1,63,'',0,0,'2017-12-04 11:46:00','2017-12-05 12:46:01',1),(84,'image','https://s3-us-west-2.amazonaws.com/tempoproduction/user_post/84.jpeg',NULL,0,43,'',0,0,'2017-12-01 09:05:37','2017-12-02 10:06:01',1),(110,'image','https://s3-us-west-2.amazonaws.com/tempoproduction/user_post/1512388083_.jpeg','https://s3-us-west-2.amazonaws.com/tempoproduction/user_post_thumbs/thumb_1512388083_.jpg',1,63,'',0,1,'2017-12-04 11:46:24','2017-12-05 12:47:01',1),(87,'image','https://s3-us-west-2.amazonaws.com/tempoproduction/user_post/1512132098_.jpeg','https://s3-us-west-2.amazonaws.com/tempoproduction/user_post_thumbs/thumb_1512132098_.jpg',1,2,'',0,0,'2017-12-01 12:39:59','2017-12-02 13:40:01',1),(88,'video','https://s3-us-west-2.amazonaws.com/tempoproduction/user_post/1512132231_88.mp4','https://s3-us-west-2.amazonaws.com/tempoproduction/user_post_thumbs/thumb_1512132297.jpg',1,3,'',0,0,'2017-12-01 12:42:11','2017-12-02 13:43:01',1),(112,'image','https://s3-us-west-2.amazonaws.com/tempoproduction/user_post/1512388393_.jpg','https://s3-us-west-2.amazonaws.com/tempoproduction/user_post_thumbs/thumb_1512388393_.jpg',1,63,'',0,0,'2017-12-04 11:51:34','2017-12-05 12:52:01',1),(91,'video','https://s3-us-west-2.amazonaws.com/tempoproduction/user_post/1512134331_91.mov','https://s3-us-west-2.amazonaws.com/tempoproduction/user_post_thumbs/thumb_1512134339.png',1,63,'',0,0,'2017-12-01 13:17:11','2017-12-02 14:18:01',1),(92,'video','https://s3-us-west-2.amazonaws.com/tempoproduction/user_post/1512134876_92.mov','https://s3-us-west-2.amazonaws.com/tempoproduction/user_post_thumbs/thumb_1512134877.png',1,63,'',0,0,'2017-12-01 13:26:16','2017-12-02 14:27:02',1),(93,'video','https://s3-us-west-2.amazonaws.com/tempoproduction/user_post/1512135040_93.mov','https://s3-us-west-2.amazonaws.com/tempoproduction/user_post_thumbs/thumb_1512135044.png',1,63,'',0,1,'2017-12-01 13:29:01','2017-12-04 11:14:26',1),(94,'image','https://s3-us-west-2.amazonaws.com/tempoproduction/user_post/1512141075_.jpeg','https://s3-us-west-2.amazonaws.com/tempoproduction/user_post_thumbs/thumb_1512141075_.jpg',1,43,'',0,0,'2017-12-01 15:09:35','2017-12-02 16:10:01',1),(95,'video','https://s3-us-west-2.amazonaws.com/tempoproduction/user_post/1512141102_95.mov','https://s3-us-west-2.amazonaws.com/tempoproduction/user_post_thumbs/thumb_1512141104.png',1,43,'',0,0,'2017-12-01 15:10:02','2017-12-02 16:11:01',1),(96,'image','https://s3-us-west-2.amazonaws.com/tempoproduction/user_post/1512141313_.jpeg','https://s3-us-west-2.amazonaws.com/tempoproduction/user_post_thumbs/thumb_1512141313_.jpg',1,43,'',0,0,'2017-12-01 15:13:33','2017-12-02 16:14:01',1),(98,'video','https://s3-us-west-2.amazonaws.com/tempoproduction/user_post/1512178214_98.mov','https://s3-us-west-2.amazonaws.com/tempoproduction/user_post_thumbs/thumb_1512178228.png',1,44,'',0,0,'2017-12-02 01:28:34','2017-12-03 02:29:01',1),(99,'video','https://s3-us-west-2.amazonaws.com/tempoproduction/user_post/1512179184_99.mov','https://s3-us-west-2.amazonaws.com/tempoproduction/user_post_thumbs/thumb_1512179193.png',1,44,'',0,0,'2017-12-02 01:44:44','2017-12-03 02:45:01',1),(100,'video','https://s3-us-west-2.amazonaws.com/tempoproduction/user_post/1512183993_100.mov','https://s3-us-west-2.amazonaws.com/tempoproduction/user_post_thumbs/thumb_1512184001.png',1,44,'',0,0,'2017-12-02 03:04:53','2017-12-03 04:05:01',1),(101,'image','https://s3-us-west-2.amazonaws.com/tempoproduction/user_post/1512189141_.jpeg','https://s3-us-west-2.amazonaws.com/tempoproduction/user_post_thumbs/thumb_1512189141_.jpg',1,41,'',0,0,'2017-12-02 04:30:41','2017-12-03 05:31:02',1),(102,'video','https://s3-us-west-2.amazonaws.com/tempoproduction/user_post/1512189207_102.mov','https://s3-us-west-2.amazonaws.com/tempoproduction/user_post_thumbs/thumb_1512189209.png',1,41,'',0,0,'2017-12-02 04:31:47','2017-12-03 05:32:01',1),(111,'image','https://s3-us-west-2.amazonaws.com/tempoproduction/user_post/1512388376_.jpeg','https://s3-us-west-2.amazonaws.com/tempoproduction/user_post_thumbs/thumb_1512388376_.jpg',1,63,'',0,0,'2017-12-04 11:51:16','2017-12-05 12:52:01',1),(116,'video','https://s3-us-west-2.amazonaws.com/tempoproduction/user_post/1512405213_116.mov',NULL,0,43,'',0,0,'2017-12-04 16:31:53','2017-12-05 17:32:01',1),(103,'image','https://s3-us-west-2.amazonaws.com/tempoproduction/user_post/1512370227_.jpeg','https://s3-us-west-2.amazonaws.com/tempoproduction/user_post_thumbs/thumb_1512370227_.jpg',1,43,'',0,0,'2017-12-04 06:48:48','2017-12-05 07:49:01',1),(104,'image','https://s3-us-west-2.amazonaws.com/tempoproduction/user_post/1512371288_.jpeg','https://s3-us-west-2.amazonaws.com/tempoproduction/user_post_thumbs/thumb_1512371288_.jpg',1,43,'',0,0,'2017-12-04 07:06:28','2017-12-05 08:07:01',1),(105,'image','https://s3-us-west-2.amazonaws.com/tempoproduction/user_post/1512375036_.jpeg','https://s3-us-west-2.amazonaws.com/tempoproduction/user_post_thumbs/thumb_1512375036_.jpg',1,43,'',0,0,'2017-12-04 08:08:56','2017-12-05 09:09:01',1),(106,'image','https://s3-us-west-2.amazonaws.com/tempoproduction/user_post/1512378198_.jpeg','https://s3-us-west-2.amazonaws.com/tempoproduction/user_post_thumbs/thumb_1512378198_.jpg',1,43,'',0,0,'2017-12-04 09:01:38','2017-12-05 10:02:01',1),(107,'image','https://s3-us-west-2.amazonaws.com/tempoproduction/user_post/1512378211_.jpeg','https://s3-us-west-2.amazonaws.com/tempoproduction/user_post_thumbs/thumb_1512378211_.jpg',1,43,'',0,0,'2017-12-04 09:01:52','2017-12-05 10:02:01',1),(113,'image','https://s3-us-west-2.amazonaws.com/tempoproduction/user_post/1512397238_.jpeg','https://s3-us-west-2.amazonaws.com/tempoproduction/user_post_thumbs/thumb_1512397238_.jpg',1,43,'',0,0,'2017-12-04 14:18:58','2017-12-05 15:19:01',1),(123,'image','https://s3-us-west-2.amazonaws.com/tempoproduction/user_post/1512466703_.jpg','https://s3-us-west-2.amazonaws.com/tempoproduction/user_post_thumbs/thumb_1512466703_.jpg',1,2,'',0,0,'2017-12-05 09:36:44','2017-12-06 10:37:01',1),(124,'image','https://s3-us-west-2.amazonaws.com/tempoproduction/user_post/1512466847_.jpg','https://s3-us-west-2.amazonaws.com/tempoproduction/user_post_thumbs/thumb_1512466847_.jpg',1,2,'',0,0,'2017-12-05 09:39:07','2017-12-06 10:40:01',1),(125,'image','https://s3-us-west-2.amazonaws.com/tempoproduction/user_post/1512466861_.jpg','https://s3-us-west-2.amazonaws.com/tempoproduction/user_post_thumbs/thumb_1512466861_.jpg',1,2,'',0,0,'2017-12-05 09:39:21','2017-12-06 10:40:01',1),(126,'image','https://s3-us-west-2.amazonaws.com/tempoproduction/user_post/1512466874_.jpg','https://s3-us-west-2.amazonaws.com/tempoproduction/user_post_thumbs/thumb_1512466874_.jpg',1,43,'',0,0,'2017-12-05 09:39:34','2017-12-06 10:40:01',1),(130,'image','https://s3-us-west-2.amazonaws.com/tempoproduction/user_post/1512467892_.jpg','https://s3-us-west-2.amazonaws.com/tempoproduction/user_post_thumbs/thumb_1512467892_.jpg',1,3,'',0,0,'2017-12-05 09:56:32','2017-12-06 10:57:01',1),(132,'image','https://s3-us-west-2.amazonaws.com/tempoproduction/user_post/1512601698_.jpeg','https://s3-us-west-2.amazonaws.com/tempoproduction/user_post_thumbs/thumb_1512601698_.jpg',1,44,'',0,0,'2017-12-06 23:06:39','2017-12-08 00:07:01',1),(133,'image','https://s3-us-west-2.amazonaws.com/tempoproduction/user_post/1513064499_.jpeg','https://s3-us-west-2.amazonaws.com/tempoproduction/user_post_thumbs/thumb_1513064499_.jpg',1,43,'',0,0,'2017-12-12 07:40:00','2017-12-13 08:40:01',1),(134,'image','https://s3-us-west-2.amazonaws.com/tempoproduction/user_post/1513065038_.jpeg','https://s3-us-west-2.amazonaws.com/tempoproduction/user_post_thumbs/thumb_1513065038_.jpg',1,63,'',0,0,'2017-12-12 07:48:59','2017-12-13 08:49:01',1),(135,'image','https://s3-us-west-2.amazonaws.com/tempoproduction/user_post/1513065231_.jpeg','https://s3-us-west-2.amazonaws.com/tempoproduction/user_post_thumbs/thumb_1513065231_.jpg',1,86,'',0,0,'2017-12-12 07:52:11','2017-12-13 08:53:01',1),(136,'image','https://s3-us-west-2.amazonaws.com/tempoproduction/user_post/1513080696_.jpeg','https://s3-us-west-2.amazonaws.com/tempoproduction/user_post_thumbs/thumb_1513080696_.jpg',1,43,'',0,0,'2017-12-12 12:09:57','2017-12-13 13:10:01',1),(156,'image','https://s3-us-west-2.amazonaws.com/tempoproduction/user_post/1515054357_.jpeg','https://s3-us-west-2.amazonaws.com/tempoproduction/user_post_thumbs/thumb_1515054357_.jpg',1,63,'',0,0,'2018-01-04 08:24:17','2018-01-06 05:00:01',1),(152,'image','https://s3-us-west-2.amazonaws.com/tempoproduction/user_post/1514981124_.jpeg','https://s3-us-west-2.amazonaws.com/tempoproduction/user_post_thumbs/thumb_1514981124_.jpg',1,43,'',0,0,'2018-01-03 12:03:45','2018-01-05 05:00:02',1),(153,'image','https://s3-us-west-2.amazonaws.com/tempoproduction/user_post/1515054153_.jpeg','https://s3-us-west-2.amazonaws.com/tempoproduction/user_post_thumbs/thumb_1515054153_.jpg',1,63,'',0,0,'2018-01-04 08:20:53','2018-01-06 05:00:01',1),(154,'image','https://s3-us-west-2.amazonaws.com/tempoproduction/user_post/1515054166_.jpeg','https://s3-us-west-2.amazonaws.com/tempoproduction/user_post_thumbs/thumb_1515054166_.jpg',1,63,'',0,0,'2018-01-04 08:21:06','2018-01-06 05:00:01',1),(144,'image','https://s3-us-west-2.amazonaws.com/tempoproduction/user_post/1513133586_.jpeg','https://s3-us-west-2.amazonaws.com/tempoproduction/user_post_thumbs/thumb_1513133586_.jpg',1,44,'',0,0,'2017-12-13 02:51:26','2017-12-14 03:52:01',1),(151,'image','https://s3-us-west-2.amazonaws.com/tempoproduction/user_post/1514980971_.jpeg','https://s3-us-west-2.amazonaws.com/tempoproduction/user_post_thumbs/thumb_1514980971_.jpg',1,43,'',0,1,'2018-01-03 12:01:11','2018-01-05 05:00:02',1),(159,'image','https://s3-us-west-2.amazonaws.com/tempoproduction/user_post/1515054750_.jpeg','https://s3-us-west-2.amazonaws.com/tempoproduction/user_post_thumbs/thumb_1515054750_.jpg',1,63,'',0,0,'2018-01-04 08:30:50','2018-01-06 05:00:01',1),(190,'video','https://s3-us-west-2.amazonaws.com/tempoproduction/user_post/1517989283_1.mov','https://s3-us-west-2.amazonaws.com/tempoproduction/user_post_thumbs/thumb_1517989286.png',1,62,'',1,0,'2018-02-07 07:39:44','2018-02-09 05:00:01',1),(160,'image','https://s3-us-west-2.amazonaws.com/tempoproduction/user_post/1515054890_.png','https://s3-us-west-2.amazonaws.com/tempoproduction/user_post_thumbs/thumb_1515054890_.jpg',1,63,'',0,0,'2018-01-04 08:33:12','2018-01-06 05:00:01',1),(161,'image','https://s3-us-west-2.amazonaws.com/tempoproduction/user_post/1515055049_.png','https://s3-us-west-2.amazonaws.com/tempoproduction/user_post_thumbs/thumb_1515055049_.jpg',1,43,'',0,0,'2018-01-04 08:35:49','2018-01-06 05:00:01',1),(162,'image','https://s3-us-west-2.amazonaws.com/tempoproduction/user_post/1515055290_.jpg','https://s3-us-west-2.amazonaws.com/tempoproduction/user_post_thumbs/thumb_1515055290_.jpg',1,0,'',0,0,'2018-01-04 08:39:50','2018-01-06 05:00:01',1),(163,'image','https://s3-us-west-2.amazonaws.com/tempoproduction/user_post/1515055298_.png','https://s3-us-west-2.amazonaws.com/tempoproduction/user_post_thumbs/thumb_1515055298_.jpg',1,63,'',0,0,'2018-01-04 08:39:58','2018-01-06 05:00:01',1),(164,'image','https://s3-us-west-2.amazonaws.com/tempoproduction/user_post/1515055382_.jpeg','https://s3-us-west-2.amazonaws.com/tempoproduction/user_post_thumbs/thumb_1515055382_.jpg',1,63,'',0,0,'2018-01-04 08:41:22','2018-01-06 05:00:01',1),(165,'image','https://s3-us-west-2.amazonaws.com/tempoproduction/user_post/1515055646_.jpg','https://s3-us-west-2.amazonaws.com/tempoproduction/user_post_thumbs/thumb_1515055646_.jpg',1,3,'',0,0,'2018-01-04 08:45:46','2018-01-06 05:00:01',1),(166,'image','https://s3-us-west-2.amazonaws.com/tempoproduction/user_post/1515055920_.jpg','https://s3-us-west-2.amazonaws.com/tempoproduction/user_post_thumbs/thumb_1515055920_.jpg',1,3,'',0,0,'2018-01-04 08:50:20','2018-01-06 05:00:01',1),(167,'image','https://s3-us-west-2.amazonaws.com/tempoproduction/user_post/1515056025_.jpg','https://s3-us-west-2.amazonaws.com/tempoproduction/user_post_thumbs/thumb_1515056025_.jpg',1,3,'',0,0,'2018-01-04 08:52:06','2018-01-06 05:00:01',1),(168,'image','https://s3-us-west-2.amazonaws.com/tempoproduction/user_post/1515056099_.jpeg','https://s3-us-west-2.amazonaws.com/tempoproduction/user_post_thumbs/thumb_1515056099_.jpg',1,63,'',0,0,'2018-01-04 08:53:19','2018-01-06 05:00:01',1),(169,'image','https://s3-us-west-2.amazonaws.com/tempoproduction/user_post/1515056102_.jpg','https://s3-us-west-2.amazonaws.com/tempoproduction/user_post_thumbs/thumb_1515056102_.jpg',1,3,'',0,0,'2018-01-04 08:53:23','2018-01-06 05:00:01',1),(170,'image','https://s3-us-west-2.amazonaws.com/tempoproduction/user_post/1515056145_.jpg','https://s3-us-west-2.amazonaws.com/tempoproduction/user_post_thumbs/thumb_1515056145_.jpg',1,3,'',0,0,'2018-01-04 08:54:05','2018-01-06 05:00:01',1),(171,'image','https://s3-us-west-2.amazonaws.com/tempoproduction/user_post/1515056175_.png','https://s3-us-west-2.amazonaws.com/tempoproduction/user_post_thumbs/thumb_1515056175_.jpg',1,63,'',0,0,'2018-01-04 08:54:35','2018-01-06 05:00:01',1),(172,'image','https://s3-us-west-2.amazonaws.com/tempoproduction/user_post/1515056190_.jpg','https://s3-us-west-2.amazonaws.com/tempoproduction/user_post_thumbs/thumb_1515056190_.jpg',1,3,'',0,0,'2018-01-04 08:54:50','2018-01-06 05:00:01',1),(173,'image','https://s3-us-west-2.amazonaws.com/tempoproduction/user_post/1515056232_.jpg','https://s3-us-west-2.amazonaws.com/tempoproduction/user_post_thumbs/thumb_1515056232_.jpg',1,3,'',0,0,'2018-01-04 08:55:32','2018-01-06 05:00:01',1),(174,'image','https://s3-us-west-2.amazonaws.com/tempoproduction/user_post/1515056250_.png','https://s3-us-west-2.amazonaws.com/tempoproduction/user_post_thumbs/thumb_1515056250_.jpg',1,63,'',0,0,'2018-01-04 08:55:51','2018-01-06 05:00:01',1),(175,'image','https://s3-us-west-2.amazonaws.com/tempoproduction/user_post/1515056292_.jpeg','https://s3-us-west-2.amazonaws.com/tempoproduction/user_post_thumbs/thumb_1515056292_.jpg',1,63,'',0,0,'2018-01-04 08:56:32','2018-01-06 05:00:01',1),(176,'image','https://s3-us-west-2.amazonaws.com/tempoproduction/user_post/1515144077_.jpeg','https://s3-us-west-2.amazonaws.com/tempoproduction/user_post_thumbs/thumb_1515144077_.jpg',1,43,'',0,0,'2018-01-05 09:19:38','2018-01-07 05:00:01',1),(177,'image','https://s3-us-west-2.amazonaws.com/tempoproduction/user_post/1515146010_.jpeg','https://s3-us-west-2.amazonaws.com/tempoproduction/user_post_thumbs/thumb_1515146010_.jpg',1,43,'',0,0,'2018-01-05 09:51:50','2018-01-07 05:00:01',1),(192,'video','https://s3-us-west-2.amazonaws.com/tempoproduction/user_post/1517992113_192.mov','https://s3-us-west-2.amazonaws.com/tempoproduction/user_post_thumbs/thumb_1518093226.png',1,43,'',0,0,'2018-02-07 08:26:54','2018-02-09 05:00:01',1),(182,'video','https://s3-us-west-2.amazonaws.com/tempoproduction/user_post/1517321074_182.mov','https://s3-us-west-2.amazonaws.com/tempoproduction/user_post_thumbs/thumb_1517321080.png',1,44,'',0,0,'2018-01-30 14:02:55','2018-02-01 05:00:01',1),(180,'video','https://s3-us-west-2.amazonaws.com/tempoproduction/user_post/1517320973_180.mov','https://s3-us-west-2.amazonaws.com/tempoproduction/user_post_thumbs/thumb_1517320994.png',1,44,'',0,0,'2018-01-30 14:01:13','2018-02-01 05:00:01',1),(184,'image','https://s3-us-west-2.amazonaws.com/tempoproduction/user_post/1517342624_.jpeg','https://s3-us-west-2.amazonaws.com/tempoproduction/user_post_thumbs/thumb_1517507051.png',1,44,'',1,0,'2018-01-30 20:02:04','2018-02-01 17:42:31',1),(193,'image','https://s3-us-west-2.amazonaws.com/tempoproduction/user_post/1517998659_.jpeg','https://s3-us-west-2.amazonaws.com/tempoproduction/user_post_thumbs/thumb_1518094301.png',1,43,'',0,0,'2018-02-07 10:15:59','2018-02-09 05:00:01',1),(194,'video','https://s3-us-west-2.amazonaws.com/tempoproduction/user_post/1517998859_194.mov','https://s3-us-west-2.amazonaws.com/tempoproduction/user_post_thumbs/thumb_1518098327.png',1,117,'',0,0,'2018-02-07 10:19:19','2018-02-09 05:00:01',1),(195,'video','https://s3-us-west-2.amazonaws.com/tempoproduction/user_post/1517998859_195.mov','https://s3-us-west-2.amazonaws.com/tempoproduction/user_post_thumbs/thumb_1517998861.png',1,117,'',0,0,'2018-02-07 10:19:19','2018-02-09 05:00:01',1),(196,'image','https://s3-us-west-2.amazonaws.com/tempoproduction/user_post/1518002921_.jpeg','https://s3-us-west-2.amazonaws.com/tempoproduction/user_post_thumbs/thumb_1518135596.png',1,117,'',0,0,'2018-02-07 11:27:02','2018-02-09 05:00:01',1),(197,'video','https://s3-us-west-2.amazonaws.com/tempoproduction/user_post/1518002957_197.mov','https://s3-us-west-2.amazonaws.com/tempoproduction/user_post_thumbs/thumb_1518179363.png',1,117,'',0,0,'2018-02-07 11:27:37','2018-02-09 12:27:43',1),(198,'video','https://s3-us-west-2.amazonaws.com/tempoproduction/user_post/1518003037_198.mov','https://s3-us-west-2.amazonaws.com/tempoproduction/user_post_thumbs/thumb_1518003039.png',1,117,'',0,0,'2018-02-07 11:28:57','2018-02-09 05:00:01',1),(199,'image','https://s3-us-west-2.amazonaws.com/tempoproduction/user_post/1518024655_.jpeg','https://s3-us-west-2.amazonaws.com/tempoproduction/user_post_thumbs/thumb_1518024655_.jpg',1,62,'',0,0,'2018-02-07 17:29:16','2018-02-09 05:00:01',1),(200,'image','https://s3-us-west-2.amazonaws.com/tempoproduction/user_post/1518091190_.jpeg','https://s3-us-west-2.amazonaws.com/tempoproduction/user_post_thumbs/thumb_1518091190_.jpg',1,84,'',0,3,'2018-02-08 11:58:10','2018-02-08 12:21:54',0),(201,'video','https://s3-us-west-2.amazonaws.com/tempoproduction/user_post/1518093220_201.mov',NULL,0,44,'',0,0,'2018-02-08 12:32:00','2018-02-08 12:32:00',0),(202,'video','https://s3-us-west-2.amazonaws.com/tempoproduction/user_post/1518094299_202.mov',NULL,0,44,'',0,0,'2018-02-08 12:49:59','2018-02-08 12:49:59',0),(203,'video','https://s3-us-west-2.amazonaws.com/tempoproduction/user_post/1518098325_203.mov',NULL,0,44,'',0,0,'2018-02-08 13:57:06','2018-02-08 13:57:06',0),(209,'video','https://s3-us-west-2.amazonaws.com/tempoproduction/user_post/1518128440_209.mov','https://s3-us-west-2.amazonaws.com/tempoproduction/user_post_thumbs/thumb_1518128442.png',1,105,'',0,0,'2018-02-08 22:19:00','2018-02-08 22:19:02',0),(206,'image','https://s3-us-west-2.amazonaws.com/tempoproduction/user_post/1518123023_.jpeg','https://s3-us-west-2.amazonaws.com/tempoproduction/user_post_thumbs/thumb_1518123023_.jpg',1,105,'',0,0,'2018-02-08 20:48:43','2018-02-08 20:48:43',0),(207,'image','https://s3-us-west-2.amazonaws.com/tempoproduction/user_post/1518125681_.jpeg','https://s3-us-west-2.amazonaws.com/tempoproduction/user_post_thumbs/thumb_1518125681_.jpg',1,105,'',0,0,'2018-02-08 21:33:02','2018-02-08 21:33:02',0),(208,'image','https://s3-us-west-2.amazonaws.com/tempoproduction/user_post/1518126830_.jpeg','https://s3-us-west-2.amazonaws.com/tempoproduction/user_post_thumbs/thumb_1518126830_.jpg',1,105,'',0,0,'2018-02-08 21:52:10','2018-02-08 21:52:10',0),(212,'image','https://s3-us-west-2.amazonaws.com/tempoproduction/user_post/1518144621_.jpeg','https://s3-us-west-2.amazonaws.com/tempoproduction/user_post_thumbs/thumb_1518144621_.jpg',1,43,'',0,0,'2018-02-09 02:48:42','2018-02-09 02:48:42',0),(211,'video','https://s3-us-west-2.amazonaws.com/tempoproduction/user_post/1518135594_211.mov',NULL,0,105,'',0,0,'2018-02-09 00:18:14','2018-02-09 00:18:14',0),(213,'video','https://s3-us-west-2.amazonaws.com/tempoproduction/user_post/1518144646_213.mov','https://s3-us-west-2.amazonaws.com/tempoproduction/user_post_thumbs/thumb_1518144648.png',1,43,'',0,0,'2018-02-09 02:49:06','2018-02-09 02:49:08',0),(214,'video','https://s3-us-west-2.amazonaws.com/tempoproduction/user_post/1518158166_214.mov','https://s3-us-west-2.amazonaws.com/tempoproduction/user_post_thumbs/thumb_1518158169.png',1,43,'',0,0,'2018-02-09 06:34:26','2018-02-09 06:34:29',0),(215,'video','https://s3-us-west-2.amazonaws.com/tempoproduction/user_post/1518158197_215.mov','https://s3-us-west-2.amazonaws.com/tempoproduction/user_post_thumbs/thumb_1518158200.png',1,43,'',0,0,'2018-02-09 06:34:57','2018-02-09 06:35:00',0),(216,'video','https://s3-us-west-2.amazonaws.com/tempoproduction/user_post/1518158200_216.mov','https://s3-us-west-2.amazonaws.com/tempoproduction/user_post_thumbs/thumb_1518158202.png',1,43,'',0,0,'2018-02-09 06:35:00','2018-02-09 06:35:02',0),(217,'video','https://s3-us-west-2.amazonaws.com/tempoproduction/user_post/1518158246_217.mov','https://s3-us-west-2.amazonaws.com/tempoproduction/user_post_thumbs/thumb_1518158249.png',1,43,'',0,0,'2018-02-09 06:35:46','2018-02-09 06:35:49',0),(218,'video','https://s3-us-west-2.amazonaws.com/tempoproduction/user_post/1518158277_218.mov','https://s3-us-west-2.amazonaws.com/tempoproduction/user_post_thumbs/thumb_1518158280.png',1,43,'',0,0,'2018-02-09 06:36:17','2018-02-09 06:36:20',0),(219,'video','https://s3-us-west-2.amazonaws.com/tempoproduction/user_post/1518158281_219.mov','https://s3-us-west-2.amazonaws.com/tempoproduction/user_post_thumbs/thumb_1518158283.png',1,43,'',0,0,'2018-02-09 06:36:21','2018-02-09 06:36:23',0),(220,'video','https://s3-us-west-2.amazonaws.com/tempoproduction/user_post/1518162361_220.mov','https://s3-us-west-2.amazonaws.com/tempoproduction/user_post_thumbs/thumb_1518162363.png',1,117,'',0,0,'2018-02-09 07:44:21','2018-02-09 07:44:23',0),(221,'video','https://s3-us-west-2.amazonaws.com/tempoproduction/user_post/1518162622_221.mov','https://s3-us-west-2.amazonaws.com/tempoproduction/user_post_thumbs/thumb_1518162624.png',1,117,'',0,0,'2018-02-09 07:48:42','2018-02-09 07:48:44',0),(222,'video','https://s3-us-west-2.amazonaws.com/tempoproduction/user_post/1518163193_222.mov','https://s3-us-west-2.amazonaws.com/tempoproduction/user_post_thumbs/thumb_1518163195.png',1,43,'',0,0,'2018-02-09 07:58:13','2018-02-09 07:58:15',0),(223,'image','https://s3-us-west-2.amazonaws.com/tempoproduction/user_post/1518163303_.jpeg','https://s3-us-west-2.amazonaws.com/tempoproduction/user_post_thumbs/thumb_1518163303_.jpg',1,117,'',0,0,'2018-02-09 08:00:03','2018-02-09 08:00:03',0),(224,'image','https://s3-us-west-2.amazonaws.com/tempoproduction/user_post/1518163407_.jpeg','https://s3-us-west-2.amazonaws.com/tempoproduction/user_post_thumbs/thumb_1518163407_.jpg',1,43,'',0,0,'2018-02-09 08:01:47','2018-02-09 08:01:47',0),(225,'image','https://s3-us-west-2.amazonaws.com/tempoproduction/user_post/1518166412_.jpeg','https://s3-us-west-2.amazonaws.com/tempoproduction/user_post_thumbs/thumb_1518166412_.jpg',1,43,'',0,0,'2018-02-09 08:51:53','2018-02-09 08:51:53',0),(226,'image','https://s3-us-west-2.amazonaws.com/tempoproduction/user_post/1518166508_.jpeg','https://s3-us-west-2.amazonaws.com/tempoproduction/user_post_thumbs/thumb_1518166508_.jpg',1,117,'',0,0,'2018-02-09 08:53:28','2018-02-09 08:53:28',0),(227,'video','https://s3-us-west-2.amazonaws.com/tempoproduction/user_post/1518166611_227.mov','https://s3-us-west-2.amazonaws.com/tempoproduction/user_post_thumbs/thumb_1518166613.png',1,43,'',0,0,'2018-02-09 08:55:11','2018-02-09 08:55:13',0),(228,'video','https://s3-us-west-2.amazonaws.com/tempoproduction/user_post/1518168585_228.mov','https://s3-us-west-2.amazonaws.com/tempoproduction/user_post_thumbs/thumb_1518168587.png',1,117,'',0,0,'2018-02-09 09:28:05','2018-02-09 09:28:07',0),(229,'video','https://s3-us-west-2.amazonaws.com/tempoproduction/user_post/1518169442_229.mov','https://s3-us-west-2.amazonaws.com/tempoproduction/user_post_thumbs/thumb_1518169446.png',1,117,'',0,0,'2018-02-09 09:42:22','2018-02-09 09:42:26',0),(230,'image','https://s3-us-west-2.amazonaws.com/tempoproduction/user_post/1518170241_.jpeg','https://s3-us-west-2.amazonaws.com/tempoproduction/user_post_thumbs/thumb_1518170241_.jpg',1,43,'',0,0,'2018-02-09 09:55:41','2018-02-09 09:55:41',0),(231,'image','https://s3-us-west-2.amazonaws.com/tempoproduction/user_post/1518170562_.jpeg','https://s3-us-west-2.amazonaws.com/tempoproduction/user_post_thumbs/thumb_1518170562_.jpg',1,43,'',0,0,'2018-02-09 10:01:02','2018-02-09 10:01:02',0),(232,'image','https://s3-us-west-2.amazonaws.com/tempoproduction/user_post/1518170986_.jpeg','https://s3-us-west-2.amazonaws.com/tempoproduction/user_post_thumbs/thumb_1518170986_.jpg',1,117,'',0,0,'2018-02-09 10:08:06','2018-02-09 10:08:06',0),(233,'video','https://s3-us-west-2.amazonaws.com/tempoproduction/user_post/1518171130_233.mov','https://s3-us-west-2.amazonaws.com/tempoproduction/user_post_thumbs/thumb_1518171133.png',1,117,'',0,0,'2018-02-09 10:10:31','2018-02-09 10:10:33',0),(234,'image','https://s3-us-west-2.amazonaws.com/tempoproduction/user_post/1518171397_.jpeg','https://s3-us-west-2.amazonaws.com/tempoproduction/user_post_thumbs/thumb_1518171397_.jpg',1,43,'',0,0,'2018-02-09 10:14:58','2018-02-09 10:14:58',0),(235,'image','https://s3-us-west-2.amazonaws.com/tempoproduction/user_post/1518173154_.jpeg','https://s3-us-west-2.amazonaws.com/tempoproduction/user_post_thumbs/thumb_1518173154_.jpg',1,117,'',0,0,'2018-02-09 10:44:14','2018-02-09 10:44:14',0),(236,'image','https://s3-us-west-2.amazonaws.com/tempoproduction/user_post/1518173457_.jpeg','https://s3-us-west-2.amazonaws.com/tempoproduction/user_post_thumbs/thumb_1518173457_.jpg',1,117,'',0,0,'2018-02-09 10:49:18','2018-02-09 10:49:18',0),(237,'image','https://s3-us-west-2.amazonaws.com/tempoproduction/user_post/1518174321_.jpeg','https://s3-us-west-2.amazonaws.com/tempoproduction/user_post_thumbs/thumb_1518174321_.jpg',1,117,'',0,0,'2018-02-09 11:03:42','2018-02-09 11:03:42',0),(238,'image','https://s3-us-west-2.amazonaws.com/tempoproduction/user_post/1518174568_.jpeg','https://s3-us-west-2.amazonaws.com/tempoproduction/user_post_thumbs/thumb_1518174568_.jpg',1,117,'',0,0,'2018-02-09 11:07:49','2018-02-09 11:07:49',0),(239,'image','https://s3-us-west-2.amazonaws.com/tempoproduction/user_post/1518175615_.jpeg','https://s3-us-west-2.amazonaws.com/tempoproduction/user_post_thumbs/thumb_1518175615_.jpg',1,117,'',0,0,'2018-02-09 11:25:16','2018-02-09 11:25:16',0),(240,'image','https://s3-us-west-2.amazonaws.com/tempoproduction/user_post/1518175790_.jpeg','https://s3-us-west-2.amazonaws.com/tempoproduction/user_post_thumbs/thumb_1518175790_.jpg',1,117,'',0,0,'2018-02-09 11:28:10','2018-02-09 11:28:10',0),(241,'image','https://s3-us-west-2.amazonaws.com/tempoproduction/user_post/1518175832_.jpeg','https://s3-us-west-2.amazonaws.com/tempoproduction/user_post_thumbs/thumb_1518175832_.jpg',1,117,'',0,0,'2018-02-09 11:28:52','2018-02-09 11:28:52',0),(242,'image','https://s3-us-west-2.amazonaws.com/tempoproduction/user_post/1518175837_.jpeg','https://s3-us-west-2.amazonaws.com/tempoproduction/user_post_thumbs/thumb_1518175837_.jpg',1,117,'',0,0,'2018-02-09 11:28:57','2018-02-09 11:28:57',0),(243,'image','https://s3-us-west-2.amazonaws.com/tempoproduction/user_post/1518175866_.jpeg','https://s3-us-west-2.amazonaws.com/tempoproduction/user_post_thumbs/thumb_1518175866_.jpg',1,117,'',0,0,'2018-02-09 11:29:26','2018-02-09 11:29:26',0),(244,'image','https://s3-us-west-2.amazonaws.com/tempoproduction/user_post/1518175881_.jpeg','https://s3-us-west-2.amazonaws.com/tempoproduction/user_post_thumbs/thumb_1518175881_.jpg',1,117,'',0,0,'2018-02-09 11:29:41','2018-02-09 11:29:41',0),(245,'image','https://s3-us-west-2.amazonaws.com/tempoproduction/user_post/1518175945_.jpeg','https://s3-us-west-2.amazonaws.com/tempoproduction/user_post_thumbs/thumb_1518175945_.jpg',1,117,'',0,0,'2018-02-09 11:30:45','2018-02-09 11:30:45',0),(246,'image','https://s3-us-west-2.amazonaws.com/tempoproduction/user_post/1518175949_.jpeg','https://s3-us-west-2.amazonaws.com/tempoproduction/user_post_thumbs/thumb_1518175949_.jpg',1,117,'',0,0,'2018-02-09 11:30:49','2018-02-09 11:30:49',0),(247,'image','https://s3-us-west-2.amazonaws.com/tempoproduction/user_post/1518175953_.jpeg','https://s3-us-west-2.amazonaws.com/tempoproduction/user_post_thumbs/thumb_1518175953_.jpg',1,117,'',0,0,'2018-02-09 11:30:53','2018-02-09 11:30:53',0),(248,'image','https://s3-us-west-2.amazonaws.com/tempoproduction/user_post/1518176034_.jpeg','https://s3-us-west-2.amazonaws.com/tempoproduction/user_post_thumbs/thumb_1518176034_.jpg',1,117,'',0,0,'2018-02-09 11:32:15','2018-02-09 11:32:15',0),(249,'image','https://s3-us-west-2.amazonaws.com/tempoproduction/user_post/1518176077_.jpeg','https://s3-us-west-2.amazonaws.com/tempoproduction/user_post_thumbs/thumb_1518176077_.jpg',1,117,'',0,0,'2018-02-09 11:32:57','2018-02-09 11:32:57',0),(250,'image','https://s3-us-west-2.amazonaws.com/tempoproduction/user_post/1518176087_.jpeg','https://s3-us-west-2.amazonaws.com/tempoproduction/user_post_thumbs/thumb_1518176087_.jpg',1,117,'',0,0,'2018-02-09 11:33:08','2018-02-09 11:33:08',0),(251,'image','https://s3-us-west-2.amazonaws.com/tempoproduction/user_post/1518176100_.jpeg','https://s3-us-west-2.amazonaws.com/tempoproduction/user_post_thumbs/thumb_1518176100_.jpg',1,117,'',0,0,'2018-02-09 11:33:21','2018-02-09 11:33:21',0),(252,'video','https://s3-us-west-2.amazonaws.com/tempoproduction/user_post/1518179360_252.mov',NULL,0,44,'',0,0,'2018-02-09 12:27:41','2018-02-09 12:27:41',0),(253,'image','https://s3-us-west-2.amazonaws.com/tempoproduction/user_post/1518212981_.jpeg','https://s3-us-west-2.amazonaws.com/tempoproduction/user_post_thumbs/thumb_1518212981_.jpg',1,105,'',0,0,'2018-02-09 21:48:01','2018-02-09 21:48:01',0),(254,'image','https://s3-us-west-2.amazonaws.com/tempoproduction/user_post/1518224417_.jpeg','https://s3-us-west-2.amazonaws.com/tempoproduction/user_post_thumbs/thumb_1518224417_.jpg',1,105,'',0,0,'2018-02-10 00:58:37','2018-02-10 00:58:37',0);
/*!40000 ALTER TABLE `user_posts` ENABLE KEYS */;
UNLOCK TABLES;

--
-- Table structure for table `user_posts_to`
--

DROP TABLE IF EXISTS `user_posts_to`;
/*!40101 SET @saved_cs_client     = @@character_set_client */;
/*!40101 SET character_set_client = utf8 */;
CREATE TABLE `user_posts_to` (
  `user_posts_to_id` int(11) NOT NULL AUTO_INCREMENT,
  `user_post_id` int(11) DEFAULT NULL,
  `posted_to` int(11) DEFAULT NULL,
  `status` varchar(50) DEFAULT 'unread',
  `is_notified` int(11) DEFAULT '0',
  `created_at` datetime DEFAULT CURRENT_TIMESTAMP,
  `updated_at` datetime DEFAULT CURRENT_TIMESTAMP ON UPDATE CURRENT_TIMESTAMP,
  PRIMARY KEY (`user_posts_to_id`)
) ENGINE=MyISAM AUTO_INCREMENT=635 DEFAULT CHARSET=latin1;
/*!40101 SET character_set_client = @saved_cs_client */;

--
-- Dumping data for table `user_posts_to`
--

LOCK TABLES `user_posts_to` WRITE;
/*!40000 ALTER TABLE `user_posts_to` DISABLE KEYS */;
INSERT INTO `user_posts_to` VALUES (98,34,42,'unread',1,'2017-10-10 13:39:35',NULL),(99,34,44,'read',1,'2017-10-10 13:39:35','2017-10-11 18:48:06'),(100,35,42,'unread',1,'2017-10-10 13:51:44',NULL),(101,35,43,'read',1,'2017-10-10 13:51:44','2017-10-10 17:11:13'),(102,36,42,'unread',1,'2017-10-10 18:49:25',NULL),(103,36,43,'read',1,'2017-10-10 18:49:25','2017-10-11 14:52:09'),(104,37,44,'read',1,'2017-10-10 19:03:50','2017-10-11 18:47:42'),(105,38,42,'unread',1,'2017-10-11 18:09:42',NULL),(106,38,43,'read',1,'2017-10-11 18:09:43','2017-10-12 08:58:29'),(107,39,43,'read',1,'2017-10-11 20:20:11','2017-10-12 02:54:00'),(108,39,45,'unread',1,'2017-10-11 20:20:12',NULL),(109,40,47,'unread',1,'2017-10-12 00:02:43',NULL),(110,41,42,'unread',1,'2017-10-12 11:55:06',NULL),(111,42,42,'unread',1,'2017-10-16 05:11:19',NULL),(112,42,43,'read',1,'2017-10-16 05:11:19','2017-10-16 05:12:05'),(113,43,42,'unread',1,'2017-10-17 19:33:36',NULL),(114,43,43,'read',1,'2017-10-17 19:33:36','2017-11-06 07:33:18'),(115,43,45,'unread',1,'2017-10-17 19:33:36',NULL),(116,43,61,'unread',1,'2017-10-17 19:33:36',NULL),(117,44,61,'unread',1,'2017-10-17 21:26:15',NULL),(118,45,61,'unread',1,'2017-10-17 23:59:02',NULL),(119,46,61,'unread',1,'2017-10-18 09:06:23',NULL),(120,47,61,'unread',1,'2017-10-18 19:40:39',NULL),(121,48,43,'read',1,'2017-10-20 05:54:41','2017-11-06 07:33:28'),(122,48,45,'unread',1,'2017-10-20 05:54:42',NULL),(123,48,61,'unread',1,'2017-10-20 05:54:42',NULL),(124,49,54,'unread',1,'2017-10-22 23:33:38',NULL),(125,49,58,'unread',1,'2017-10-22 23:33:39',NULL),(126,50,67,'unread',1,'2017-10-23 22:12:29',NULL),(127,51,42,'unread',1,'2017-10-24 15:28:31',NULL),(128,51,43,'read',1,'2017-10-24 15:28:31','2017-11-06 07:33:38'),(129,51,45,'unread',1,'2017-10-24 15:28:31',NULL),(130,51,46,'unread',1,'2017-10-24 15:28:31',NULL),(131,51,47,'unread',1,'2017-10-24 15:28:31',NULL),(132,51,48,'unread',1,'2017-10-24 15:28:31',NULL),(133,51,49,'unread',1,'2017-10-24 15:28:31',NULL),(134,51,51,'unread',1,'2017-10-24 15:28:31',NULL),(135,51,52,'unread',1,'2017-10-24 15:28:31',NULL),(136,51,53,'unread',1,'2017-10-24 15:28:31',NULL),(137,51,54,'unread',1,'2017-10-24 15:28:31',NULL),(138,51,55,'unread',1,'2017-10-24 15:28:31',NULL),(139,51,56,'unread',1,'2017-10-24 15:28:31',NULL),(140,51,58,'unread',1,'2017-10-24 15:28:31',NULL),(141,51,60,'unread',1,'2017-10-24 15:28:31',NULL),(142,51,61,'unread',1,'2017-10-24 15:28:31',NULL),(143,51,62,'unread',1,'2017-10-24 15:28:31',NULL),(144,51,63,'unread',1,'2017-10-24 15:28:31',NULL),(145,51,64,'unread',1,'2017-10-24 15:28:31',NULL),(146,51,65,'unread',1,'2017-10-24 15:28:31',NULL),(147,51,66,'unread',1,'2017-10-24 15:28:31',NULL),(148,51,67,'unread',1,'2017-10-24 15:28:31',NULL),(149,52,42,'unread',1,'2017-10-24 17:06:51',NULL),(150,52,43,'read',1,'2017-10-24 17:06:51','2017-11-06 07:33:48'),(151,52,45,'unread',1,'2017-10-24 17:06:51',NULL),(152,52,46,'unread',1,'2017-10-24 17:06:51',NULL),(153,52,47,'unread',1,'2017-10-24 17:06:51',NULL),(154,52,48,'unread',1,'2017-10-24 17:06:51',NULL),(155,52,49,'unread',1,'2017-10-24 17:06:51',NULL),(156,52,51,'unread',1,'2017-10-24 17:06:51',NULL),(157,52,52,'unread',1,'2017-10-24 17:06:51',NULL),(158,52,53,'unread',1,'2017-10-24 17:06:51',NULL),(159,52,54,'unread',1,'2017-10-24 17:06:51',NULL),(160,52,55,'unread',1,'2017-10-24 17:06:51',NULL),(161,52,56,'unread',1,'2017-10-24 17:06:51',NULL),(162,52,58,'unread',1,'2017-10-24 17:06:51',NULL),(163,52,60,'unread',1,'2017-10-24 17:06:51',NULL),(164,52,61,'unread',1,'2017-10-24 17:06:51',NULL),(165,52,62,'unread',1,'2017-10-24 17:06:51',NULL),(166,52,63,'unread',1,'2017-10-24 17:06:51',NULL),(167,52,64,'unread',1,'2017-10-24 17:06:51',NULL),(168,52,65,'unread',1,'2017-10-24 17:06:51',NULL),(169,52,66,'unread',1,'2017-10-24 17:06:51',NULL),(170,52,67,'unread',1,'2017-10-24 17:06:51',NULL),(171,53,43,'read',1,'2017-10-24 22:12:53','2017-11-06 07:33:58'),(172,53,45,'unread',1,'2017-10-24 22:12:54',NULL),(173,54,42,'unread',1,'2017-11-02 20:29:03',NULL),(174,54,43,'read',1,'2017-11-02 20:29:03','2017-11-06 07:34:08'),(175,54,45,'unread',1,'2017-11-02 20:29:03',NULL),(176,54,46,'unread',1,'2017-11-02 20:29:03',NULL),(177,54,47,'unread',1,'2017-11-02 20:29:03',NULL),(178,54,48,'unread',1,'2017-11-02 20:29:03',NULL),(179,55,42,'unread',1,'2017-11-15 10:21:54',NULL),(180,56,42,'unread',1,'2017-11-15 10:25:11',NULL),(181,57,42,'unread',1,'2017-11-15 10:43:54',NULL),(182,58,45,'unread',1,'2017-11-16 22:10:31',NULL),(183,59,43,'unread',1,'2017-11-17 21:04:53',NULL),(184,59,45,'unread',1,'2017-11-17 21:04:53',NULL),(185,60,44,'read',1,'2017-11-27 08:12:03','2017-11-27 14:33:07'),(186,60,63,'unread',1,'2017-11-27 08:12:04',NULL),(187,61,44,'read',1,'2017-11-27 08:17:15','2017-11-27 14:27:43'),(188,61,63,'unread',1,'2017-11-27 08:17:15',NULL),(189,62,44,'read',1,'2017-11-27 08:19:08','2017-11-27 14:27:42'),(190,62,63,'unread',1,'2017-11-27 08:19:08',NULL),(191,63,44,'read',1,'2017-11-27 08:58:11','2017-11-27 14:27:35'),(192,64,48,'unread',1,'2017-11-27 14:30:23',NULL),(193,64,51,'unread',1,'2017-11-27 14:30:28',NULL),(194,65,43,'unread',1,'2017-11-27 19:20:47',NULL),(195,65,47,'unread',1,'2017-11-27 19:20:48',NULL),(196,65,48,'unread',1,'2017-11-27 19:20:48',NULL),(197,65,51,'unread',1,'2017-11-27 19:20:52',NULL),(198,66,43,'read',1,'2017-11-29 11:35:42','2017-11-30 11:57:56'),(199,67,63,'unread',1,'2017-11-29 12:55:05',NULL),(200,67,82,'unread',1,'2017-11-29 12:55:05',NULL),(201,67,85,'unread',1,'2017-11-29 12:55:05',NULL),(202,67,86,'unread',1,'2017-11-29 12:55:05',NULL),(203,68,63,'unread',1,'2017-11-29 13:02:07',NULL),(204,69,54,'unread',1,'2017-11-29 16:59:36',NULL),(205,70,44,'read',1,'2017-11-30 06:05:15','2017-11-30 09:30:26'),(206,70,51,'unread',1,'2017-11-30 06:05:15',NULL),(207,70,62,'unread',1,'2017-11-30 06:05:15',NULL),(208,70,63,'unread',1,'2017-11-30 06:05:15',NULL),(209,70,64,'unread',1,'2017-11-30 06:05:15',NULL),(210,70,71,'unread',1,'2017-11-30 06:05:15',NULL),(211,70,82,'unread',1,'2017-11-30 06:05:16',NULL),(212,70,84,'read',1,'2017-11-30 06:05:16','2017-12-01 06:27:37'),(213,70,85,'unread',1,'2017-11-30 06:05:16',NULL),(214,70,86,'unread',1,'2017-11-30 06:05:16',NULL),(215,71,63,'unread',1,'2017-11-30 08:52:04',NULL),(216,72,63,'unread',1,'2017-11-30 08:52:26',NULL),(217,73,63,'unread',1,'2017-11-30 08:52:44',NULL),(218,74,63,'unread',1,'2017-11-30 08:53:10',NULL),(219,75,63,'unread',1,'2017-11-30 09:00:10',NULL),(220,76,63,'unread',1,'2017-11-30 09:04:53',NULL),(221,77,63,'unread',1,'2017-11-30 09:57:12',NULL),(222,78,63,'unread',1,'2017-11-30 09:57:34',NULL),(223,79,43,'read',1,'2017-11-30 11:58:55','2017-11-30 11:59:14'),(224,80,43,'read',1,'2017-11-30 11:59:27','2017-11-30 11:59:42'),(225,81,63,'unread',1,'2017-11-30 12:06:06',NULL),(226,82,63,'unread',1,'2017-12-01 06:24:56',NULL),(227,83,63,'unread',1,'2017-12-01 08:48:40',NULL),(228,84,63,'unread',1,'2017-12-01 09:05:37',NULL),(229,85,63,'unread',1,'2017-12-01 11:10:44',NULL),(230,86,63,'unread',1,'2017-12-01 11:16:10',NULL),(231,87,3,'unread',1,'2017-12-01 12:39:59',NULL),(232,88,3,'unread',1,'2017-12-01 12:42:11',NULL),(233,89,63,'unread',1,'2017-12-01 12:59:35',NULL),(234,90,63,'unread',1,'2017-12-01 13:02:25',NULL),(235,90,85,'unread',1,'2017-12-01 13:02:25',NULL),(236,90,86,'unread',1,'2017-12-01 13:02:25',NULL),(237,91,42,'unread',1,'2017-12-01 13:17:11',NULL),(238,91,43,'read',1,'2017-12-01 13:17:11','2017-12-01 14:37:26'),(239,92,42,'unread',1,'2017-12-01 13:26:16',NULL),(240,92,43,'read',1,'2017-12-01 13:26:16','2017-12-01 14:41:54'),(241,92,72,'unread',1,'2017-12-01 13:26:16',NULL),(242,93,42,'unread',1,'2017-12-01 13:29:01',NULL),(243,93,43,'read',1,'2017-12-01 13:29:01','2017-12-01 14:42:07'),(244,93,72,'unread',1,'2017-12-01 13:29:01',NULL),(245,94,63,'unread',1,'2017-12-01 15:09:35',NULL),(246,95,63,'unread',1,'2017-12-01 15:10:02',NULL),(247,96,63,'unread',1,'2017-12-01 15:13:33',NULL),(248,97,43,'read',1,'2017-12-02 01:28:13','2017-12-02 06:14:23'),(249,97,45,'unread',1,'2017-12-02 01:28:14',NULL),(250,97,47,'unread',1,'2017-12-02 01:28:16',NULL),(251,97,48,'unread',1,'2017-12-02 01:28:17',NULL),(252,97,49,'unread',1,'2017-12-02 01:28:17',NULL),(253,97,50,'unread',1,'2017-12-02 01:28:17',NULL),(254,97,51,'unread',1,'2017-12-02 01:28:18',NULL),(255,97,52,'unread',1,'2017-12-02 01:28:20',NULL),(256,97,53,'unread',1,'2017-12-02 01:28:20',NULL),(257,97,54,'unread',1,'2017-12-02 01:28:21',NULL),(258,97,55,'unread',1,'2017-12-02 01:28:21',NULL),(259,97,56,'unread',1,'2017-12-02 01:28:24',NULL),(260,97,57,'unread',1,'2017-12-02 01:28:25',NULL),(261,97,58,'unread',1,'2017-12-02 01:28:25',NULL),(262,97,59,'unread',1,'2017-12-02 01:28:25',NULL),(263,97,60,'unread',1,'2017-12-02 01:28:27',NULL),(264,97,61,'unread',1,'2017-12-02 01:28:30',NULL),(265,97,62,'read',1,'2017-12-02 01:28:30','2017-12-02 01:55:34'),(266,97,63,'unread',1,'2017-12-02 01:28:30',NULL),(267,97,64,'unread',1,'2017-12-02 01:28:33',NULL),(268,97,65,'unread',1,'2017-12-02 01:28:33',NULL),(269,97,66,'unread',1,'2017-12-02 01:28:33',NULL),(270,97,67,'unread',1,'2017-12-02 01:28:34',NULL),(271,97,68,'unread',1,'2017-12-02 01:28:34',NULL),(272,97,69,'unread',1,'2017-12-02 01:28:34',NULL),(273,98,43,'read',1,'2017-12-02 01:28:34','2017-12-02 06:14:26'),(274,98,45,'unread',1,'2017-12-02 01:28:34',NULL),(275,98,47,'unread',1,'2017-12-02 01:28:36',NULL),(276,98,48,'unread',1,'2017-12-02 01:28:36',NULL),(277,98,49,'unread',1,'2017-12-02 01:28:36',NULL),(278,98,50,'unread',1,'2017-12-02 01:28:36',NULL),(279,98,51,'unread',1,'2017-12-02 01:28:39',NULL),(280,98,52,'unread',1,'2017-12-02 01:28:39',NULL),(281,98,53,'unread',1,'2017-12-02 01:28:39',NULL),(282,98,54,'unread',1,'2017-12-02 01:28:41',NULL),(283,98,55,'unread',1,'2017-12-02 01:28:41',NULL),(284,98,56,'unread',1,'2017-12-02 01:28:41',NULL),(285,98,57,'unread',1,'2017-12-02 01:28:43',NULL),(286,98,58,'unread',1,'2017-12-02 01:28:43',NULL),(287,98,59,'unread',1,'2017-12-02 01:28:43',NULL),(288,98,60,'unread',1,'2017-12-02 01:28:43',NULL),(289,98,61,'unread',1,'2017-12-02 01:28:45',NULL),(290,98,62,'read',1,'2017-12-02 01:28:45','2017-12-02 01:55:34'),(291,98,63,'unread',1,'2017-12-02 01:28:45',NULL),(292,98,64,'unread',1,'2017-12-02 01:28:45',NULL),(293,98,65,'unread',1,'2017-12-02 01:28:45',NULL),(294,98,66,'unread',1,'2017-12-02 01:28:46',NULL),(295,98,67,'unread',1,'2017-12-02 01:28:46',NULL),(296,98,68,'unread',1,'2017-12-02 01:28:46',NULL),(297,98,69,'unread',1,'2017-12-02 01:28:46',NULL),(298,99,43,'unread',1,'2017-12-02 01:44:44',NULL),(299,99,45,'unread',1,'2017-12-02 01:44:44',NULL),(300,99,47,'unread',1,'2017-12-02 01:44:45',NULL),(301,99,48,'unread',1,'2017-12-02 01:44:45',NULL),(302,99,49,'unread',1,'2017-12-02 01:44:45',NULL),(303,99,50,'unread',1,'2017-12-02 01:44:45',NULL),(304,99,51,'unread',1,'2017-12-02 01:44:45',NULL),(305,99,52,'unread',1,'2017-12-02 01:44:45',NULL),(306,99,53,'unread',1,'2017-12-02 01:44:46',NULL),(307,99,54,'unread',1,'2017-12-02 01:44:46',NULL),(308,99,55,'unread',1,'2017-12-02 01:44:46',NULL),(309,99,56,'unread',1,'2017-12-02 01:44:46',NULL),(310,99,57,'unread',1,'2017-12-02 01:44:46',NULL),(311,99,58,'unread',1,'2017-12-02 01:44:46',NULL),(312,99,59,'unread',1,'2017-12-02 01:44:47',NULL),(313,99,60,'unread',1,'2017-12-02 01:44:48',NULL),(314,99,61,'unread',1,'2017-12-02 01:44:48',NULL),(315,99,62,'unread',1,'2017-12-02 01:44:48',NULL),(316,99,63,'unread',1,'2017-12-02 01:44:49',NULL),(317,99,64,'unread',1,'2017-12-02 01:44:50',NULL),(318,99,65,'unread',1,'2017-12-02 01:44:50',NULL),(319,99,66,'unread',1,'2017-12-02 01:44:50',NULL),(320,99,67,'unread',1,'2017-12-02 01:44:50',NULL),(321,99,68,'unread',1,'2017-12-02 01:44:50',NULL),(322,99,69,'unread',1,'2017-12-02 01:44:51',NULL),(323,100,43,'unread',1,'2017-12-02 03:04:53',NULL),(324,100,45,'unread',1,'2017-12-02 03:04:54',NULL),(325,100,47,'unread',1,'2017-12-02 03:04:54',NULL),(326,100,48,'unread',1,'2017-12-02 03:04:54',NULL),(327,100,49,'unread',1,'2017-12-02 03:04:54',NULL),(328,100,50,'unread',1,'2017-12-02 03:04:54',NULL),(329,100,51,'unread',1,'2017-12-02 03:04:55',NULL),(330,100,52,'unread',1,'2017-12-02 03:04:55',NULL),(331,100,53,'unread',1,'2017-12-02 03:04:55',NULL),(332,100,54,'unread',1,'2017-12-02 03:04:55',NULL),(333,100,55,'unread',1,'2017-12-02 03:04:56',NULL),(334,100,56,'unread',1,'2017-12-02 03:04:56',NULL),(335,100,57,'unread',1,'2017-12-02 03:04:56',NULL),(336,100,58,'unread',1,'2017-12-02 03:04:56',NULL),(337,100,59,'unread',1,'2017-12-02 03:04:56',NULL),(338,100,60,'unread',1,'2017-12-02 03:04:56',NULL),(339,100,61,'unread',1,'2017-12-02 03:04:57',NULL),(340,100,62,'unread',1,'2017-12-02 03:04:57',NULL),(341,100,63,'unread',1,'2017-12-02 03:04:57',NULL),(342,100,64,'unread',1,'2017-12-02 03:04:57',NULL),(343,100,65,'unread',1,'2017-12-02 03:04:57',NULL),(344,100,66,'unread',1,'2017-12-02 03:04:58',NULL),(345,100,67,'unread',1,'2017-12-02 03:04:58',NULL),(346,100,68,'unread',1,'2017-12-02 03:04:58',NULL),(347,100,69,'unread',1,'2017-12-02 03:04:58',NULL),(348,101,42,'unread',1,'2017-12-02 04:30:41',NULL),(349,101,44,'unread',1,'2017-12-02 04:30:41',NULL),(350,101,45,'unread',1,'2017-12-02 04:30:41',NULL),(351,101,46,'unread',1,'2017-12-02 04:30:41',NULL),(352,101,47,'unread',1,'2017-12-02 04:30:41',NULL),(353,101,48,'unread',1,'2017-12-02 04:30:41',NULL),(354,101,49,'unread',1,'2017-12-02 04:30:41',NULL),(355,101,50,'unread',1,'2017-12-02 04:30:41',NULL),(356,101,51,'unread',1,'2017-12-02 04:30:41',NULL),(357,101,52,'unread',1,'2017-12-02 04:30:41',NULL),(358,101,53,'unread',1,'2017-12-02 04:30:41',NULL),(359,101,54,'unread',1,'2017-12-02 04:30:41',NULL),(360,101,55,'unread',1,'2017-12-02 04:30:41',NULL),(361,101,56,'unread',1,'2017-12-02 04:30:41',NULL),(362,101,57,'unread',1,'2017-12-02 04:30:41',NULL),(363,101,58,'unread',1,'2017-12-02 04:30:41',NULL),(364,101,59,'unread',1,'2017-12-02 04:30:41',NULL),(365,101,60,'unread',1,'2017-12-02 04:30:41',NULL),(366,101,61,'unread',1,'2017-12-02 04:30:41',NULL),(367,102,42,'unread',1,'2017-12-02 04:31:47',NULL),(368,102,44,'unread',1,'2017-12-02 04:31:47',NULL),(369,102,45,'unread',1,'2017-12-02 04:31:47',NULL),(370,102,46,'unread',1,'2017-12-02 04:31:47',NULL),(371,102,47,'unread',1,'2017-12-02 04:31:47',NULL),(372,102,48,'unread',1,'2017-12-02 04:31:47',NULL),(373,102,49,'unread',1,'2017-12-02 04:31:47',NULL),(374,102,50,'unread',1,'2017-12-02 04:31:47',NULL),(375,102,51,'unread',1,'2017-12-02 04:31:47',NULL),(376,102,52,'unread',1,'2017-12-02 04:31:47',NULL),(377,102,53,'unread',1,'2017-12-02 04:31:47',NULL),(378,102,54,'unread',1,'2017-12-02 04:31:47',NULL),(379,102,55,'unread',1,'2017-12-02 04:31:47',NULL),(380,102,56,'unread',1,'2017-12-02 04:31:47',NULL),(381,102,57,'unread',1,'2017-12-02 04:31:47',NULL),(382,102,58,'unread',1,'2017-12-02 04:31:47',NULL),(383,102,59,'unread',1,'2017-12-02 04:31:47',NULL),(384,102,60,'unread',1,'2017-12-02 04:31:47',NULL),(385,102,61,'unread',1,'2017-12-02 04:31:47',NULL),(386,103,63,'read',1,'2017-12-04 06:48:48','2017-12-04 09:11:51'),(387,103,84,'read',1,'2017-12-04 06:48:48','2017-12-04 08:04:47'),(388,104,42,'read',1,'2017-12-04 07:06:28','2017-12-04 13:29:41'),(389,104,44,'read',1,'2017-12-04 07:06:28','2017-12-04 07:37:13'),(390,104,45,'unread',1,'2017-12-04 07:06:28',NULL),(391,104,48,'unread',1,'2017-12-04 07:06:28',NULL),(392,104,55,'unread',1,'2017-12-04 07:06:28',NULL),(393,104,62,'unread',1,'2017-12-04 07:06:28',NULL),(394,104,63,'read',1,'2017-12-04 07:06:28','2017-12-04 10:07:29'),(395,104,64,'unread',1,'2017-12-04 07:06:28',NULL),(396,104,71,'unread',1,'2017-12-04 07:06:28',NULL),(397,104,82,'unread',1,'2017-12-04 07:06:28',NULL),(398,104,84,'read',1,'2017-12-04 07:06:28','2017-12-04 08:04:51'),(399,105,42,'read',1,'2017-12-04 08:08:56','2017-12-04 13:29:46'),(400,105,63,'read',1,'2017-12-04 08:08:56','2017-12-04 10:07:30'),(401,106,42,'read',1,'2017-12-04 09:01:38','2017-12-04 13:30:18'),(402,106,63,'read',1,'2017-12-04 09:01:40','2017-12-04 10:07:31'),(403,106,84,'unread',1,'2017-12-04 09:01:40',NULL),(404,107,42,'read',1,'2017-12-04 09:01:52','2017-12-04 13:30:19'),(405,107,44,'read',1,'2017-12-04 09:01:52','2017-12-04 15:39:27'),(406,107,45,'unread',1,'2017-12-04 09:01:52',NULL),(407,107,48,'unread',1,'2017-12-04 09:01:52',NULL),(408,107,55,'unread',1,'2017-12-04 09:01:53',NULL),(409,107,62,'unread',1,'2017-12-04 09:01:53',NULL),(410,107,63,'read',1,'2017-12-04 09:01:53','2017-12-04 10:07:32'),(411,107,64,'unread',1,'2017-12-04 09:01:54',NULL),(412,107,71,'unread',1,'2017-12-04 09:01:54',NULL),(413,107,82,'unread',1,'2017-12-04 09:01:54',NULL),(414,107,84,'unread',1,'2017-12-04 09:01:54',NULL),(415,108,43,'read',1,'2017-12-04 11:45:06','2017-12-04 11:53:46'),(416,109,42,'read',1,'2017-12-04 11:46:00','2017-12-04 13:33:43'),(417,109,43,'read',1,'2017-12-04 11:46:00','2017-12-04 14:04:36'),(418,110,43,'read',1,'2017-12-04 11:46:24','2017-12-04 14:04:37'),(419,111,43,'read',1,'2017-12-04 11:51:16','2017-12-04 14:04:38'),(420,112,43,'read',1,'2017-12-04 11:51:34','2017-12-04 14:04:39'),(421,113,63,'unread',1,'2017-12-04 14:18:58',NULL),(422,114,43,'read',1,'2017-12-04 14:41:16','2017-12-04 14:55:11'),(423,115,42,'unread',1,'2017-12-04 16:19:06',NULL),(424,115,63,'unread',1,'2017-12-04 16:19:06',NULL),(425,116,63,'unread',1,'2017-12-04 16:31:53',NULL),(426,117,43,'unread',1,'2017-12-05 08:31:04',NULL),(427,118,43,'unread',1,'2017-12-05 08:33:02',NULL),(428,119,43,'unread',1,'2017-12-05 08:39:05',NULL),(429,119,64,'unread',1,'2017-12-05 08:39:05',NULL),(430,120,43,'unread',1,'2017-12-05 08:42:51',NULL),(431,121,5,'unread',1,'2017-12-05 09:35:36',NULL),(432,121,6,'unread',1,'2017-12-05 09:35:36',NULL),(433,122,5,'unread',1,'2017-12-05 09:36:08',NULL),(434,122,6,'unread',1,'2017-12-05 09:36:08',NULL),(435,123,3,'unread',1,'2017-12-05 09:36:44',NULL),(436,123,5,'unread',1,'2017-12-05 09:36:44',NULL),(437,124,1,'unread',1,'2017-12-05 09:39:07',NULL),(438,124,3,'unread',1,'2017-12-05 09:39:07',NULL),(439,126,42,'unread',1,'2017-12-05 09:39:34',NULL),(440,126,44,'read',1,'2017-12-05 09:39:34','2017-12-05 10:05:42'),(441,126,62,'unread',1,'2017-12-05 09:39:34',NULL),(442,126,63,'unread',1,'2017-12-05 09:39:34',NULL),(443,126,85,'unread',1,'2017-12-05 09:39:35',NULL),(444,126,86,'unread',1,'2017-12-05 09:39:35',NULL),(445,126,51,'unread',1,'2017-12-05 09:39:35',NULL),(446,126,82,'unread',1,'2017-12-05 09:39:35',NULL),(447,126,84,'unread',1,'2017-12-05 09:39:35',NULL),(448,126,71,'unread',1,'2017-12-05 09:39:35',NULL),(449,126,64,'read',1,'2017-12-05 09:39:35','2017-12-05 13:51:33'),(450,127,43,'unread',1,'2017-12-05 09:50:18',NULL),(451,127,64,'unread',1,'2017-12-05 09:50:18',NULL),(452,128,43,'unread',1,'2017-12-05 09:50:42',NULL),(453,129,43,'unread',1,'2017-12-05 09:53:13',NULL),(454,129,64,'unread',1,'2017-12-05 09:53:13',NULL),(455,130,5,'unread',1,'2017-12-05 09:56:32',NULL),(456,131,62,'unread',1,'2017-12-05 13:13:13',NULL),(457,132,45,'unread',1,'2017-12-06 23:06:39',NULL),(458,132,48,'unread',1,'2017-12-06 23:06:39',NULL),(459,132,64,'unread',1,'2017-12-06 23:06:39',NULL),(460,132,67,'unread',1,'2017-12-06 23:06:39',NULL),(461,133,63,'unread',1,'2017-12-12 07:40:00',NULL),(462,134,43,'unread',1,'2017-12-12 07:48:59',NULL),(463,135,43,'unread',1,'2017-12-12 07:52:11',NULL),(464,136,63,'unread',1,'2017-12-12 12:09:57',NULL),(465,137,55,'unread',1,'2017-12-13 01:02:58',NULL),(466,138,55,'unread',1,'2017-12-13 01:03:17',NULL),(467,139,43,'unread',1,'2017-12-13 01:04:09',NULL),(468,139,51,'unread',1,'2017-12-13 01:04:09',NULL),(469,140,48,'unread',1,'2017-12-13 02:47:39',NULL),(470,141,44,'unread',1,'2017-12-13 02:48:27',NULL),(471,142,48,'unread',1,'2017-12-13 02:48:49',NULL),(472,143,43,'unread',1,'2017-12-13 02:51:16',NULL),(473,144,43,'unread',1,'2017-12-13 02:51:26',NULL),(474,145,43,'unread',1,'2017-12-13 02:51:40',NULL),(475,146,44,'unread',1,'2017-12-15 02:29:21',NULL),(476,147,64,'unread',1,'2017-12-15 03:34:14',NULL),(477,148,64,'unread',1,'2017-12-15 03:35:38',NULL),(478,149,64,'unread',1,'2017-12-15 07:38:32',NULL),(479,150,67,'unread',1,'2017-12-15 17:10:40',NULL),(480,151,63,'read',1,'2018-01-03 12:01:11','2018-01-03 12:18:38'),(481,152,63,'read',1,'2018-01-03 12:03:45','2018-01-03 12:18:40'),(482,153,43,'read',1,'2018-01-04 08:20:53','2018-01-04 08:57:43'),(483,154,43,'read',1,'2018-01-04 08:21:06','2018-01-04 08:57:50'),(484,155,43,'read',1,'2018-01-04 08:21:42','2018-01-04 08:57:53'),(485,156,43,'read',1,'2018-01-04 08:24:17','2018-01-04 08:57:54'),(486,157,43,'read',1,'2018-01-04 08:26:42','2018-01-04 08:57:55'),(487,158,43,'read',1,'2018-01-04 08:27:19','2018-01-04 08:57:56'),(488,159,43,'read',1,'2018-01-04 08:30:50','2018-01-04 08:58:01'),(489,160,43,'read',1,'2018-01-04 08:33:12','2018-01-04 08:58:08'),(490,161,63,'unread',1,'2018-01-04 08:35:49',NULL),(491,162,43,'unread',1,'2018-01-04 08:39:50',NULL),(492,163,43,'read',1,'2018-01-04 08:39:58','2018-01-04 08:58:09'),(493,164,43,'read',1,'2018-01-04 08:41:22','2018-01-04 08:58:11'),(494,165,43,'unread',1,'2018-01-04 08:45:46',NULL),(495,166,43,'unread',1,'2018-01-04 08:50:20',NULL),(496,167,43,'unread',1,'2018-01-04 08:52:06',NULL),(497,168,43,'read',1,'2018-01-04 08:53:19','2018-01-04 08:58:12'),(498,169,43,'unread',1,'2018-01-04 08:53:23',NULL),(499,170,43,'unread',1,'2018-01-04 08:54:05',NULL),(500,171,43,'read',1,'2018-01-04 08:54:35','2018-01-04 08:58:14'),(501,172,43,'unread',1,'2018-01-04 08:54:50',NULL),(502,173,43,'unread',1,'2018-01-04 08:55:32',NULL),(503,174,43,'read',1,'2018-01-04 08:55:51','2018-01-04 08:58:15'),(504,175,43,'read',1,'2018-01-04 08:56:32','2018-01-04 08:58:16'),(505,176,63,'unread',1,'2018-01-05 09:19:38',NULL),(506,177,63,'unread',1,'2018-01-05 09:51:50',NULL),(507,178,43,'unread',1,'2018-01-05 12:14:26',NULL),(508,179,48,'unread',1,'2018-01-30 14:01:07',NULL),(509,180,48,'unread',1,'2018-01-30 14:01:13',NULL),(510,181,48,'unread',1,'2018-01-30 14:02:50',NULL),(511,182,48,'unread',1,'2018-01-30 14:02:55',NULL),(512,183,48,'unread',1,'2018-01-30 19:54:02',NULL),(513,183,67,'unread',1,'2018-01-30 19:54:02',NULL),(514,184,45,'read',1,'2018-01-30 20:02:04','2018-01-30 22:10:54'),(515,184,48,'unread',1,'2018-01-30 20:02:04',NULL),(516,185,45,'unread',1,'2018-02-01 17:42:28',NULL),(517,185,59,'unread',1,'2018-02-01 17:42:28',NULL),(518,185,62,'unread',1,'2018-02-01 17:42:28',NULL),(519,185,64,'unread',1,'2018-02-01 17:42:28',NULL),(520,185,67,'unread',1,'2018-02-01 17:42:28',NULL),(521,186,45,'unread',1,'2018-02-01 17:42:29',NULL),(522,186,59,'unread',1,'2018-02-01 17:42:29',NULL),(523,186,62,'unread',1,'2018-02-01 17:42:29',NULL),(524,186,64,'unread',1,'2018-02-01 17:42:29',NULL),(525,186,67,'unread',1,'2018-02-01 17:42:29',NULL),(526,187,59,'unread',1,'2018-02-04 08:29:09',NULL),(527,187,64,'unread',1,'2018-02-04 08:29:10',NULL),(528,187,99,'unread',1,'2018-02-04 08:29:10',NULL),(529,188,59,'unread',1,'2018-02-04 08:29:13',NULL),(530,188,64,'unread',1,'2018-02-04 08:29:13',NULL),(531,188,99,'unread',1,'2018-02-04 08:29:14',NULL),(532,189,45,'unread',1,'2018-02-04 08:32:48',NULL),(533,189,48,'unread',1,'2018-02-04 08:32:48',NULL),(534,189,59,'unread',1,'2018-02-04 08:32:48',NULL),(535,189,62,'unread',1,'2018-02-04 08:32:48',NULL),(536,189,64,'unread',1,'2018-02-04 08:32:48',NULL),(537,190,43,'read',1,'2018-02-07 07:39:44','2018-02-07 07:40:25'),(538,190,44,'read',1,'2018-02-07 07:39:44','2018-02-07 12:20:35'),(539,190,64,'unread',1,'2018-02-07 07:39:44',NULL),(540,190,84,'unread',1,'2018-02-07 07:39:44',NULL),(541,190,95,'unread',1,'2018-02-07 07:39:45',NULL),(542,190,124,'unread',1,'2018-02-07 07:39:45',NULL),(543,191,43,'read',1,'2018-02-07 08:24:07','2018-02-07 08:24:45'),(544,191,44,'read',1,'2018-02-07 08:24:07','2018-02-07 12:20:54'),(545,191,64,'unread',1,'2018-02-07 08:24:08',NULL),(546,191,84,'unread',1,'2018-02-07 08:24:08',NULL),(547,191,95,'unread',1,'2018-02-07 08:24:08',NULL),(548,191,124,'unread',1,'2018-02-07 08:24:08',NULL),(549,192,117,'read',1,'2018-02-07 08:26:54','2018-02-07 10:15:51'),(550,193,63,'unread',1,'2018-02-07 10:15:59',NULL),(551,193,117,'read',1,'2018-02-07 10:15:59','2018-02-07 10:16:14'),(552,194,43,'read',1,'2018-02-07 10:19:19','2018-02-08 11:12:48'),(553,195,43,'read',1,'2018-02-07 10:19:19','2018-02-08 11:12:52'),(554,196,43,'read',1,'2018-02-07 11:27:02','2018-02-08 11:12:53'),(555,197,43,'read',1,'2018-02-07 11:27:37','2018-02-08 11:12:55'),(556,198,43,'read',1,'2018-02-07 11:28:57','2018-02-08 11:12:56'),(557,199,43,'unread',1,'2018-02-07 17:29:16',NULL),(558,199,44,'read',1,'2018-02-07 17:29:16','2018-02-07 18:47:41'),(559,199,64,'unread',1,'2018-02-07 17:29:16',NULL),(560,199,84,'unread',1,'2018-02-07 17:29:17',NULL),(561,199,95,'unread',1,'2018-02-07 17:29:17',NULL),(562,199,124,'unread',1,'2018-02-07 17:29:18',NULL),(563,200,43,'read',1,'2018-02-08 11:58:10','2018-02-09 07:42:48'),(564,200,117,'read',1,'2018-02-08 11:58:11','2018-02-08 12:00:01'),(565,201,62,'unread',1,'2018-02-08 12:32:00',NULL),(566,201,64,'unread',1,'2018-02-08 12:32:02',NULL),(567,202,48,'unread',1,'2018-02-08 12:49:59',NULL),(568,202,62,'unread',1,'2018-02-08 12:49:59',NULL),(569,202,64,'unread',1,'2018-02-08 12:49:59',NULL),(570,203,45,'unread',1,'2018-02-08 13:57:06',NULL),(571,203,62,'unread',1,'2018-02-08 13:57:06',NULL),(572,203,64,'unread',1,'2018-02-08 13:57:06',NULL),(573,204,44,'unread',1,'2018-02-08 20:48:17',NULL),(574,205,44,'unread',1,'2018-02-08 20:48:32',NULL),(575,206,44,'read',1,'2018-02-08 20:48:43','2018-02-08 22:19:26'),(576,207,44,'read',1,'2018-02-08 21:33:02','2018-02-08 22:19:27'),(577,208,44,'read',1,'2018-02-08 21:52:10','2018-02-08 22:19:28'),(578,209,44,'read',1,'2018-02-08 22:19:00','2018-02-08 22:19:29'),(579,210,45,'unread',1,'2018-02-09 00:14:51',NULL),(580,210,59,'unread',1,'2018-02-09 00:14:51',NULL),(581,210,62,'unread',1,'2018-02-09 00:14:51',NULL),(582,210,64,'unread',1,'2018-02-09 00:14:51',NULL),(583,211,44,'read',1,'2018-02-09 00:18:14','2018-02-09 00:21:13'),(584,212,63,'unread',1,'2018-02-09 02:48:42',NULL),(585,213,63,'unread',1,'2018-02-09 02:49:06',NULL),(586,214,63,'unread',1,'2018-02-09 06:34:26',NULL),(587,215,63,'unread',1,'2018-02-09 06:34:57',NULL),(588,215,117,'read',1,'2018-02-09 06:34:57','2018-02-09 07:24:09'),(589,216,63,'unread',1,'2018-02-09 06:35:00',NULL),(590,216,117,'read',1,'2018-02-09 06:35:00','2018-02-09 07:24:09'),(591,217,63,'unread',1,'2018-02-09 06:35:46',NULL),(592,217,117,'read',1,'2018-02-09 06:35:46','2018-02-09 07:24:16'),(593,218,63,'unread',1,'2018-02-09 06:36:17',NULL),(594,218,84,'unread',1,'2018-02-09 06:36:17',NULL),(595,219,63,'unread',1,'2018-02-09 06:36:21',NULL),(596,219,84,'unread',1,'2018-02-09 06:36:21',NULL),(597,220,43,'read',1,'2018-02-09 07:44:21','2018-02-09 07:56:59'),(598,221,43,'read',1,'2018-02-09 07:48:42','2018-02-09 07:57:09'),(599,222,117,'read',1,'2018-02-09 07:58:13','2018-02-09 07:59:20'),(600,223,43,'read',1,'2018-02-09 08:00:03','2018-02-09 08:00:58'),(601,224,117,'read',1,'2018-02-09 08:01:47','2018-02-09 08:02:40'),(602,225,117,'read',1,'2018-02-09 08:51:53','2018-02-09 08:52:36'),(603,226,43,'read',1,'2018-02-09 08:53:28','2018-02-09 08:54:00'),(604,227,117,'read',1,'2018-02-09 08:55:11','2018-02-09 08:55:59'),(605,228,43,'read',1,'2018-02-09 09:28:05','2018-02-09 09:29:07'),(606,229,43,'read',1,'2018-02-09 09:42:22','2018-02-09 10:11:10'),(607,230,117,'read',1,'2018-02-09 09:55:41','2018-02-09 09:58:46'),(608,231,117,'unread',1,'2018-02-09 10:01:02',NULL),(609,232,43,'read',1,'2018-02-09 10:08:06','2018-02-09 10:11:13'),(610,233,43,'read',1,'2018-02-09 10:10:31','2018-02-09 10:11:20'),(611,234,117,'unread',1,'2018-02-09 10:14:58',NULL),(612,235,43,'read',1,'2018-02-09 10:44:14','2018-02-09 10:59:39'),(613,236,43,'read',1,'2018-02-09 10:49:18','2018-02-09 10:59:41'),(614,237,43,'read',1,'2018-02-09 11:03:42','2018-02-09 11:34:04'),(615,238,43,'read',1,'2018-02-09 11:07:49','2018-02-09 11:34:05'),(616,239,43,'read',1,'2018-02-09 11:25:16','2018-02-09 11:34:06'),(617,240,43,'read',1,'2018-02-09 11:28:10','2018-02-09 11:34:07'),(618,241,43,'read',1,'2018-02-09 11:28:52','2018-02-09 11:34:08'),(619,242,43,'read',1,'2018-02-09 11:28:57','2018-02-09 11:34:11'),(620,243,43,'read',1,'2018-02-09 11:29:26','2018-02-09 11:34:16'),(621,244,43,'read',1,'2018-02-09 11:29:41','2018-02-09 11:34:16'),(622,245,43,'read',1,'2018-02-09 11:30:45','2018-02-09 11:34:20'),(623,246,43,'read',1,'2018-02-09 11:30:49','2018-02-09 11:34:21'),(624,247,43,'read',1,'2018-02-09 11:30:53','2018-02-09 11:34:22'),(625,248,43,'read',1,'2018-02-09 11:32:15','2018-02-09 11:34:22'),(626,249,43,'read',1,'2018-02-09 11:32:57','2018-02-09 11:34:25'),(627,250,43,'read',1,'2018-02-09 11:33:08','2018-02-09 11:34:27'),(628,251,43,'read',1,'2018-02-09 11:33:21','2018-02-09 11:34:29'),(629,252,45,'unread',1,'2018-02-09 12:27:41',NULL),(630,252,62,'unread',1,'2018-02-09 12:27:41',NULL),(631,252,64,'unread',1,'2018-02-09 12:27:41',NULL),(632,252,105,'unread',1,'2018-02-09 12:27:41',NULL),(633,253,44,'read',1,'2018-02-09 21:48:01','2018-02-10 00:46:48'),(634,254,44,'unread',1,'2018-02-10 00:58:37',NULL);
/*!40000 ALTER TABLE `user_posts_to` ENABLE KEYS */;
UNLOCK TABLES;

--
-- Table structure for table `user_ranking`
--

DROP TABLE IF EXISTS `user_ranking`;
/*!40101 SET @saved_cs_client     = @@character_set_client */;
/*!40101 SET character_set_client = utf8 */;
CREATE TABLE `user_ranking` (
  `id` int(11) NOT NULL AUTO_INCREMENT,
  `user_id` int(11) DEFAULT NULL,
  `base_ratio` float DEFAULT NULL,
  `hate_ratio` float DEFAULT NULL,
  `user_ratio` float DEFAULT NULL,
  `recent_posts_count` float DEFAULT NULL,
  `recent_share_count` float DEFAULT NULL,
  `recent_comment_count` float DEFAULT NULL,
  `created_at` datetime DEFAULT CURRENT_TIMESTAMP,
  `updated_at` datetime DEFAULT CURRENT_TIMESTAMP ON UPDATE CURRENT_TIMESTAMP,
  PRIMARY KEY (`id`)
) ENGINE=MyISAM AUTO_INCREMENT=67 DEFAULT CHARSET=latin1;
/*!40101 SET character_set_client = @saved_cs_client */;

--
-- Dumping data for table `user_ranking`
--

LOCK TABLES `user_ranking` WRITE;
/*!40000 ALTER TABLE `user_ranking` DISABLE KEYS */;
INSERT INTO `user_ranking` VALUES (23,43,7.5,NULL,NULL,16,5,1,'2017-10-10 06:39:21','2018-02-09 10:14:58'),(24,42,0.2,NULL,NULL,NULL,NULL,NULL,'2017-10-10 11:11:27','2017-12-01 09:58:40'),(25,45,0,NULL,NULL,6,6,2,'2017-10-10 13:04:18','2017-12-01 03:49:55'),(26,44,23,NULL,NULL,9,51,3,'2017-10-11 20:19:25','2018-02-09 15:34:13'),(27,49,2,NULL,NULL,NULL,NULL,NULL,'2017-10-12 02:24:48','2017-10-12 02:24:48'),(28,50,1.5,NULL,NULL,3,2,NULL,'2017-10-12 02:53:32','2017-12-06 21:29:58'),(29,51,1.5,NULL,NULL,NULL,NULL,NULL,'2017-10-12 02:58:47','2017-10-12 02:58:54'),(30,54,1,NULL,NULL,NULL,NULL,NULL,'2017-10-12 07:01:51','2017-10-12 07:01:57'),(31,59,2.33333,NULL,NULL,NULL,NULL,NULL,'2017-10-14 23:49:22','2017-10-14 23:49:28'),(32,55,0,NULL,NULL,NULL,NULL,NULL,'2017-10-15 17:54:23','2017-10-15 17:54:52'),(33,41,0,NULL,NULL,3,39,NULL,'2017-10-15 17:55:54','2017-12-02 04:34:10'),(34,48,0,NULL,NULL,NULL,NULL,NULL,'2017-10-15 17:55:56','2017-10-15 17:56:28'),(35,63,0,NULL,NULL,16,3,NULL,'2017-10-16 05:10:40','2018-01-04 08:56:32'),(36,62,0.125,NULL,NULL,3,6,1,'2017-10-17 18:55:59','2018-02-07 17:29:16'),(37,NULL,NULL,NULL,NULL,0,0,0,'2017-10-17 22:57:36','2018-01-04 08:29:13'),(38,64,2,NULL,NULL,NULL,NULL,NULL,'2017-10-17 23:14:35','2017-10-17 23:15:40'),(39,66,NULL,NULL,NULL,1,1,NULL,'2017-10-21 17:20:07','2017-10-21 17:20:17'),(40,67,0,NULL,NULL,NULL,NULL,NULL,'2017-10-22 06:17:12','2017-10-22 06:17:27'),(41,69,0.3,NULL,NULL,NULL,NULL,NULL,'2017-10-28 14:48:22','2017-10-28 14:48:50'),(42,71,0.111111,NULL,NULL,NULL,NULL,NULL,'2017-11-15 12:33:08','2017-11-15 12:33:09'),(43,84,1.66667,NULL,NULL,2,4,3,'2017-11-28 09:25:46','2018-02-08 12:19:40'),(44,82,0.363636,NULL,NULL,1,1,NULL,'2017-11-28 10:49:00','2017-11-29 11:35:43'),(45,2,NULL,NULL,NULL,3,2,NULL,'2017-12-01 12:39:59','2017-12-05 09:39:21'),(46,3,NULL,NULL,NULL,7,1,NULL,'2017-12-01 12:42:11','2018-01-04 08:55:32'),(47,88,3.25,NULL,NULL,NULL,NULL,NULL,'2017-12-02 15:52:01','2017-12-02 15:52:10'),(48,1,NULL,NULL,NULL,2,2,NULL,'2017-12-05 09:35:36','2017-12-05 09:36:08'),(49,86,NULL,NULL,NULL,1,1,NULL,'2017-12-12 07:52:11','2017-12-12 07:52:11'),(50,90,0,NULL,NULL,NULL,NULL,NULL,'2017-12-12 08:01:56','2017-12-12 08:01:56'),(51,94,0,NULL,NULL,NULL,NULL,NULL,'2018-01-09 03:09:49','2018-01-09 03:09:49'),(52,95,0,NULL,NULL,NULL,NULL,NULL,'2018-01-11 02:06:52','2018-01-11 02:06:52'),(53,99,1,NULL,NULL,1,1,NULL,'2018-01-26 14:21:52','2018-01-27 23:55:37'),(54,102,0,NULL,NULL,NULL,NULL,NULL,'2018-01-27 16:00:24','2018-01-27 16:00:24'),(55,103,0,NULL,NULL,NULL,NULL,NULL,'2018-01-27 23:27:17','2018-01-27 23:27:17'),(56,114,0,NULL,NULL,1,1,NULL,'2018-01-30 06:40:07','2018-01-30 07:24:01'),(57,115,0,NULL,NULL,NULL,NULL,NULL,'2018-01-30 15:47:36','2018-01-30 15:47:36'),(58,61,NULL,NULL,NULL,1,1,NULL,'2018-01-30 20:13:51','2018-01-30 20:13:53'),(59,65,0.111111,NULL,NULL,NULL,NULL,NULL,'2018-02-02 02:38:30','2018-02-02 02:38:30'),(60,116,0,NULL,NULL,NULL,NULL,NULL,'2018-02-02 04:16:54','2018-02-02 04:16:54'),(61,122,0.0416667,NULL,NULL,NULL,NULL,NULL,'2018-02-06 12:16:32','2018-02-09 19:58:46'),(62,123,0,NULL,NULL,NULL,NULL,NULL,'2018-02-06 13:40:48','2018-02-06 13:40:48'),(63,124,0,NULL,NULL,NULL,NULL,NULL,'2018-02-06 14:42:44','2018-02-06 14:42:44'),(64,125,0,NULL,NULL,NULL,NULL,NULL,'2018-02-06 16:36:09','2018-02-06 16:36:09'),(65,117,0.2,NULL,NULL,27,3,1,'2018-02-07 06:50:57','2018-02-09 11:33:21'),(66,105,0.0833333,NULL,NULL,9,3,NULL,'2018-02-07 22:31:43','2018-02-10 00:58:37');
/*!40000 ALTER TABLE `user_ranking` ENABLE KEYS */;
UNLOCK TABLES;

--
-- Table structure for table `userpost_comments`
--

DROP TABLE IF EXISTS `userpost_comments`;
/*!40101 SET @saved_cs_client     = @@character_set_client */;
/*!40101 SET character_set_client = utf8 */;
CREATE TABLE `userpost_comments` (
  `userpost_comment_id` int(11) NOT NULL AUTO_INCREMENT,
  `user_post_id` int(11) DEFAULT NULL,
  `comment_type` varchar(20) DEFAULT NULL,
  `comment_data` text,
  `commented_by` int(11) DEFAULT NULL,
  `comment_status` varchar(20) DEFAULT NULL,
  `created_at` datetime DEFAULT CURRENT_TIMESTAMP,
  `updated_at` datetime DEFAULT CURRENT_TIMESTAMP ON UPDATE CURRENT_TIMESTAMP,
  PRIMARY KEY (`userpost_comment_id`)
) ENGINE=MyISAM AUTO_INCREMENT=32 DEFAULT CHARSET=latin1;
/*!40101 SET character_set_client = @saved_cs_client */;

--
-- Dumping data for table `userpost_comments`
--

LOCK TABLES `userpost_comments` WRITE;
/*!40000 ALTER TABLE `userpost_comments` DISABLE KEYS */;
INSERT INTO `userpost_comments` VALUES (24,42,'','Hi',43,'','2017-10-16 05:12:14',NULL),(28,151,'','Hi',63,'','2018-01-03 12:42:27',NULL),(26,93,'','Hi',63,'','2017-12-04 11:14:26',NULL),(27,110,'','Hello',43,'','2017-12-04 11:54:02',NULL),(29,200,'',' Test message',117,'','2018-02-08 12:00:25',NULL),(30,200,'','Test message - story',117,'','2018-02-08 12:20:40',NULL),(31,200,'','Test message from story ',84,'','2018-02-08 12:21:54',NULL);
/*!40000 ALTER TABLE `userpost_comments` ENABLE KEYS */;
UNLOCK TABLES;

--
-- Table structure for table `userpost_media_like`
--

DROP TABLE IF EXISTS `userpost_media_like`;
/*!40101 SET @saved_cs_client     = @@character_set_client */;
/*!40101 SET character_set_client = utf8 */;
CREATE TABLE `userpost_media_like` (
  `userpost_media_like_id` int(11) NOT NULL AUTO_INCREMENT,
  `user_post_id` int(11) DEFAULT NULL,
  `user_id` int(11) DEFAULT NULL,
  `islike` int(11) DEFAULT NULL COMMENT '0-Unlike; 1-Like',
  `created_at` datetime DEFAULT NULL,
  `updated_at` datetime DEFAULT NULL,
  PRIMARY KEY (`userpost_media_like_id`)
) ENGINE=InnoDB AUTO_INCREMENT=28 DEFAULT CHARSET=latin1;
/*!40101 SET character_set_client = @saved_cs_client */;

--
-- Dumping data for table `userpost_media_like`
--

LOCK TABLES `userpost_media_like` WRITE;
/*!40000 ALTER TABLE `userpost_media_like` DISABLE KEYS */;
INSERT INTO `userpost_media_like` VALUES (22,42,43,1,'2017-10-16 06:40:16',NULL),(23,37,44,1,'2017-10-17 22:58:37',NULL),(25,184,45,1,'2018-01-30 22:11:10',NULL),(26,191,44,1,'2018-02-07 12:20:57',NULL),(27,190,44,1,'2018-02-07 12:25:01',NULL);
/*!40000 ALTER TABLE `userpost_media_like` ENABLE KEYS */;
UNLOCK TABLES;

--
-- Table structure for table `users`
--

DROP TABLE IF EXISTS `users`;
/*!40101 SET @saved_cs_client     = @@character_set_client */;
/*!40101 SET character_set_client = utf8 */;
CREATE TABLE `users` (
  `user_id` int(11) NOT NULL AUTO_INCREMENT,
  `user_name` varchar(50) DEFAULT NULL,
  `first_name` varchar(50) DEFAULT NULL,
  `last_name` varchar(50) DEFAULT NULL,
  `user_password` varchar(100) DEFAULT NULL,
  `display_name` varchar(100) DEFAULT NULL,
  `user_email` varchar(50) DEFAULT NULL,
  `user_phone` varchar(20) DEFAULT NULL,
  `user_dob` date DEFAULT NULL,
  `user_gender` varchar(10) DEFAULT NULL,
  `user_address` varchar(50) DEFAULT NULL,
  `user_city` varchar(50) DEFAULT NULL,
  `user_state` varchar(50) DEFAULT NULL,
  `user_zipcode` varchar(50) DEFAULT NULL,
  `user_country` varchar(50) DEFAULT NULL,
  `user_avatar` varchar(200) DEFAULT NULL,
  `user_unique_id` varchar(150) DEFAULT NULL,
  `user_created_from` varchar(50) DEFAULT NULL,
  `user_type` varchar(50) DEFAULT NULL,
  `account_type` varchar(50) DEFAULT NULL,
  `created_at` timestamp NULL DEFAULT CURRENT_TIMESTAMP,
  `updated_at` timestamp NULL DEFAULT CURRENT_TIMESTAMP ON UPDATE CURRENT_TIMESTAMP,
  `last_usage` datetime DEFAULT NULL,
  `otp` varchar(6) DEFAULT NULL,
  `otp_datetime` datetime DEFAULT NULL,
  `tempo_user_rank` float DEFAULT NULL,
  `IsNotification` int(11) DEFAULT '1',
  PRIMARY KEY (`user_id`)
) ENGINE=MyISAM AUTO_INCREMENT=127 DEFAULT CHARSET=latin1;
/*!40101 SET character_set_client = @saved_cs_client */;

--
-- Dumping data for table `users`
--

LOCK TABLES `users` WRITE;
/*!40000 ALTER TABLE `users` DISABLE KEYS */;
INSERT INTO `users` VALUES (42,'john','John','David','XACG01t7u1nfC+MJ','','john@appscelestial.com','1','1975-12-18','male','','','','','','https://s3-us-west-2.amazonaws.com/tempoproduction/avatar/42_1507617959.png','t-a5c71184ef560b029c77215230877554','','tempo','','2017-10-10 06:23:12','2017-10-10 11:11:27','2017-10-10 06:23:12','004332','2017-10-10 06:23:12',0,1),(43,'efrancis','Emmanuel','Francis','NAMDF11q3FmqCXo4wsU=','','efrancis@appscelestial.com','11','1975-12-18','Male','Katol Road, Seminary Hills, Nagpur - 440001, Mahar','Nagpur','Maharashtra','440001','India','https://s3-us-west-2.amazonaws.com/tempoproduction/avatar/43_1507618080.jpeg','t-a8ae93441cc8ac1a38aeadb399726d66','','tempo','','2017-10-10 06:36:27','2017-11-29 13:56:24','2017-10-10 06:36:27','845512','2017-10-10 06:36:27',0,1),(44,'carlnnaji','Carl ','Nnaji','wwOcp6DE3Fk8MDYgs5nlx5hd','','carlnnaji@Gmail.com','83262094367','1991-03-31','Male','7401 Sadler Court, Sugar Land, TX 77479, United St','Sugar Land','Texas','77479','United States of America','https://s3-us-west-2.amazonaws.com/tempoproduction/avatar/44_1517870814.jpeg','t-33f9f059f17796a170529c875983ec34','','tempo','','2017-10-10 13:01:36','2018-02-05 22:40:45','2017-10-10 13:01:36','802147','2017-10-10 13:01:36',0,1),(45,'tempoeventsapp','Tempo','Carl','','','carl@tempoevent.com','2147483647','1991-03-31','Male','','','','','','https://s3-us-west-2.amazonaws.com/tempoproduction/avatar/45_1507643659.jpeg','7.4312903206194E+17','','twitter','','2017-10-10 13:04:14','2017-12-12 10:51:27','2017-10-10 13:04:14','311332','2017-10-10 13:04:14',0,1),(46,'jakie','Jake','Statefarm','GwLKt4dm3llTvX8ZN7X52m2G','','jake@gmail.com','22134884','1999-10-11','','5727 Saluda Creek Lane, Houston, TX 77085, United ','Houston','Texas','77085','United States of America','https://s3-us-west-2.amazonaws.com/tempoevent/avatar/default.png','t-99fdb26cd31606300b8e00113efec81d','','tempo','','2017-10-11 18:44:49','2017-12-11 13:17:30','2017-10-11 18:44:49','820175','2017-10-11 18:44:49',NULL,1),(48,'mrpurplerain','Prince','Nnaji','8AJx6wG43lmc9+wOvmiRTp8=','','prince.nnaji28@yahoo.com','2147483647','1991-04-11','','11915 Matagorda Lane, Four Corners, TX 77498, Unit','','Texas','77498','United States of America','https://s3-us-west-2.amazonaws.com/tempoevent/avatar/default.png','t-5871f978b4df4998d472af466ea36c70','','tempo','','2017-10-12 00:32:57','2017-10-15 17:55:56','2017-10-12 00:32:57','846066','2017-10-12 00:32:57',0,1),(47,'adriansoblessed','Adrian','SoBlessed','KQDw7UWv3lk9oe/4cdqS50UBQg==','','Adrianx.soblessed@gmail.com','2147483647','1992-05-20','Male','4400 West University Boulevard, Dallas, TX 75209, ','Dallas','Texas','75209','United States of America','https://s3-us-west-2.amazonaws.com/tempoproduction/avatar/47_1507767273.jpeg','t-0dc7fb087a2eb95f057a986b9e5e14ba','','tempo','','2017-10-11 23:56:09','2017-10-12 00:04:19','2017-10-11 23:56:09','132323','2017-10-11 23:56:09',NULL,1),(49,'smoothAsUgo','ugonna','','','','','0',NULL,'','','','','','','https://s3-us-west-2.amazonaws.com/tempoevent/avatar/default.png','1737322850','','twitter','','2017-10-12 02:24:42','2017-10-12 02:24:48','2017-10-12 02:24:42','546258','2017-10-12 02:24:42',0,1),(50,'deandra','DeAndra','Ogala','kgAwAd/Y3lk3CM2D62I+ww==','','deandraogala@gmail.com','2147483647','1999-01-04','','7085 Greenway Chase Street, Houston, TX 77072, Uni','Houston','Texas','77072','United States of America','https://s3-us-west-2.amazonaws.com/tempoproduction/avatar/50_1507776847.jpeg','t-cf22e3f5e0dcfa00a9eb61bdbb8834ef','','tempo','','2017-10-12 02:52:29','2017-12-06 21:29:58','2017-10-12 02:52:29','560620','2017-10-12 02:52:29',10.5,1),(51,'RelevateMedia','Emmanuel','Cole','6gAq8DzZ3ll/oZGPHA+G3A==','','coleemma06@gmail.com','2147483647','1988-06-23','Male','Oakshire Manor Garden Apartments, 4727 Oakshire Dr','Houston','Texas','77027','United States of America','https://s3-us-west-2.amazonaws.com/tempoproduction/avatar/51_1507778203.jpeg','t-623b3abeb075c1070f995071d2db9bc7','','tempo','','2017-10-12 02:54:37','2017-10-12 03:04:10','2017-10-12 02:54:37','709076','2017-10-12 02:54:37',0,1),(52,'Ihuoma','Ihuoma ','Olewe','tQBMlPDZ3lmB8LH10v6yZDI=','','ihuomaolewe@gmail.com','2147483647','1999-05-15','','8816 Sunrise Terrace Lane, Mission Bend, TX 77407,','','Texas','77407','United States of America','https://s3-us-west-2.amazonaws.com/tempoevent/avatar/default.png','t-7be8ae41a6baf93d176cfe8ffdb0b85a','','tempo','','2017-10-12 02:57:23',NULL,'2017-10-12 02:57:23','786605','2017-10-12 02:57:23',NULL,1),(53,'uabakwue','Uchenna ','Abakwue ','WwJlG84B31mIOPAVBNbAr/VK','','ucabakwue@Gmail.com','2147483647','1995-07-19','','4633 Connies Court Lane, Missouri City, TX 77459, ','Missouri City','Texas','77459','United States of America','https://s3-us-west-2.amazonaws.com/tempoevent/avatar/default.png','t-174f4b1534c7b6a00ba74cd8647b65b7','','tempo','','2017-10-12 05:47:16',NULL,'2017-10-12 05:47:16','023358','2017-10-12 05:47:16',NULL,1),(54,'JoshSmoovee_','CJN','','','','','0',NULL,'','','','','','','https://s3-us-west-2.amazonaws.com/tempoevent/avatar/default.png','336158396','','twitter','','2017-10-12 07:01:35','2017-10-12 07:01:51','2017-10-12 07:01:35','145483','2017-10-12 07:01:35',0,1),(57,'johndoe','John','Doe','/QLDMJ2f4lnF1y2MTe+qvA==','','davidjpeterson@gmail.com','2147483647','1985-10-14','','','','','','','https://s3-us-west-2.amazonaws.com/tempoevent/avatar/default.png','t-311b763da24621d3b2dde67b91cbc395','','tempo','','2017-10-14 23:37:59',NULL,'2017-10-14 23:37:59','135911','2017-10-14 23:37:59',NULL,1),(55,'JMitch','J','Mitch','QQNhY9yq31kHo6+YVlM=','','dnt00s@yahoo.com','4332835','1980-01-23','','Starbucks, Uptown Park Boulevard, Houston, TX 7705','Houston','Texas','77056','United States of America','https://s3-us-west-2.amazonaws.com/tempoevent/avatar/default.png','t-97705aa1cd216a0a351833940bc72e99','','tempo','','2017-10-12 17:49:01','2017-10-15 17:54:23','2017-10-12 17:49:01','196108','2017-10-12 17:49:01',0,1),(56,'Ali','Ali','Ali','TQOBnxwm4FmIqRcoxQhqKg==','','aliayuob39@gmail.com','2147483647','1990-10-13','','Airport, Jizan 45142, Saudi Arabia','Jizan','','45142','Saudi Arabia','https://s3-us-west-2.amazonaws.com/tempoevent/avatar/default.png','t-f0c5dbd8ce2dd532027290895498a2a7','','tempo','','2017-10-13 02:35:04',NULL,'2017-10-13 02:35:04','369779','2017-10-13 02:35:04',NULL,1),(58,'MadHouseMafia_','MadHouseMafia','','','','davidjpeterson@gmail.com','0',NULL,'','','','','','','https://s3-us-west-2.amazonaws.com/tempoevent/avatar/default.png','76225300','','twitter','','2017-10-14 23:41:38',NULL,'2017-10-14 23:41:38','917017','2017-10-14 23:41:38',NULL,1),(59,'yorubapapi_','Ahmed','','','','','0',NULL,'','','','','','','https://s3-us-west-2.amazonaws.com/tempoevent/avatar/default.png','41952152','','twitter','','2017-10-14 23:49:16','2017-10-15 17:54:23','2017-10-14 23:49:16','082178','2017-10-14 23:49:16',0,1),(60,'suzannecwright','Suzanne','Wright','yAJ6Wie24llSMALod746uw==','','suzannecwright@Gmail.com','2147483647','1990-05-30','','','','','','','https://s3-us-west-2.amazonaws.com/tempoevent/avatar/default.png','t-3e26c6da47d86a3fe35f0262192a6391','','tempo','','2017-10-15 01:13:35',NULL,'2017-10-15 01:13:35','113203','2017-10-15 01:13:35',NULL,1),(61,'themouthpiece03','Willis','Nnaji','vwF4nCu24llr4zZS7ze3fQ==','','willis.nnaji@gmail.com','2147483647','1989-11-05','','','','','','','https://s3-us-west-2.amazonaws.com/tempoevent/avatar/default.png','t-984bd7db828e6e556899728421697af3','','tempo','','2017-10-15 01:13:39',NULL,'2017-10-15 01:13:39','228793','2017-10-15 01:13:39',NULL,1),(62,'OgaSilachi','Uwaoma ','Nwogwugwu ','cwHSMcc+5FnB/jFsgSV3VQ==','','oga@ogamusicprod.com','2147483647','1992-08-27','Not specif','','','','','','https://s3-us-west-2.amazonaws.com/tempoproduction/avatar/62_1508131713.jpeg','t-71bf28604bf900f00fe933706f496231','','tempo','','2017-10-16 05:08:51','2017-10-29 03:35:54','2017-10-16 05:08:51','128803','2017-10-16 05:08:51',1.375,1),(63,'jfrancis','Jennifer','Francis','XgD2gQk/5FltQ+66uXg=','','jfrancis@appscelestial.com','1111111111','1999-10-16','','','','','','','https://s3-us-west-2.amazonaws.com/tempoevent/avatar/default.png','t-723a8c459e6cf8707a4bb5cb4db79dba','','tempo','','2017-10-16 05:10:03','2017-12-12 12:37:08','2017-10-16 05:10:03','890243','2017-10-16 05:10:03',0,1),(64,'bobbyxesiaba','Bobby','Esiaba','','','Chinedu.esiaba@gmail.com ','7178550086','0000-00-00','Male','','','','','','https://s3-us-west-2.amazonaws.com/tempoproduction/avatar/64_1517783233.jpeg','346150859','','twitter','','2017-10-17 23:14:29','2018-02-04 22:19:24','2017-10-17 23:14:29','773769','2017-10-17 23:14:29',0,1),(65,'sarabhamani','Sara','B','nwJpGrJd6VlFvbzftUVFkA==','','sarabhamani@utexas.edu','2147483647','1993-07-20','','29064 Davenport Drive, TX 77494, United States of ','','Texas','77494','United States of America','https://s3-us-west-2.amazonaws.com/tempoevent/avatar/default.png','t-307199a6e8272e4e599882eba5988c16','','tempo','','2017-10-20 02:21:56',NULL,'2017-10-20 02:21:56','421447','2017-10-20 02:21:56',NULL,1),(66,'michaelpudjiadi','Michael','Pudjiadi','hwPU0Nxj6lnJD89rn6/rNu8mBg==','','michael.pudjiadi@gmail.com','2147483647','1993-01-06','','4528 44th Avenue Southwest, Seattle, WA 98116, Uni','Seattle','Washington','98116','United States of America','https://s3-us-west-2.amazonaws.com/tempoevent/avatar/default.png','t-6c16519026c648b566fa77a91f928987','','tempo','','2017-10-20 21:00:23','2017-10-21 17:20:07','2017-10-20 21:00:23','419274','2017-10-20 21:00:23',0,1),(67,'ajiwemd','Tochi','Ajiwe','fgFep5M37FmFhYZQHqy1fA==','','tochiajiwe@Gmail.com','2147483647','1992-05-13','','5522 Maple Avenue, Dallas, TX 75219, United States','Dallas','Texas','75219','United States of America','https://s3-us-west-2.amazonaws.com/tempoevent/avatar/default.png','t-624c26394da206538bb3c9275501f6b2','','tempo','','2017-10-22 06:16:20','2017-10-22 06:17:12','2017-10-22 06:16:20','176982','2017-10-22 06:16:20',0,1),(68,'nonyyee','Nonz','Imo','LwCA0pXr8VnwJsRRat8Zlydk','','nonzimo@gmail.com','2147483647','1994-11-09','','6162 Maple Avenue, Dallas, TX 75219, United States','Dallas','Texas','75219','United States of America','https://s3-us-west-2.amazonaws.com/tempoevent/avatar/default.png','t-328c7003b67a31b73532c9cd15dce3fd','','tempo','','2017-10-26 14:05:46',NULL,'2017-10-26 14:05:46','049526','2017-10-26 14:05:46',NULL,1),(69,'socialite7','Kelechi','azuogu','','','','0',NULL,'','','','','','','https://s3-us-west-2.amazonaws.com/tempoevent/avatar/default.png','33171463','','twitter','','2017-10-28 14:47:53','2017-10-28 14:48:22','2017-10-28 14:47:53','653782','2017-10-28 14:47:53',0,1),(70,'jq','Jack','Norman','oQFqeaAvDFpNPfua','','jq@appscelestial.com','2147483647','1999-11-15','','Cafe Coffee Day, North Ambazari Road, Shivaji Naga','Nagpur','Maharashtra','440001','India','https://s3-us-west-2.amazonaws.com/tempoevent/avatar/default.png','t-e1476c0fc961a9e169a083a62b898e79','','tempo','','2017-11-15 12:17:00',NULL,'2017-11-15 12:17:00','485714','2017-11-15 12:17:00',NULL,1),(71,'jelly','Jelly','Norman','JAG/Z7MzDFqfOv+n','','jelly@appscelestial.com','0','1999-11-15','','Cafe Coffee Day, North Ambazari Road, Shivaji Naga','Nagpur','Maharashtra','440001','India','https://s3-us-west-2.amazonaws.com/tempoevent/avatar/default.png','t-eeb7c1d7cccbdc94b3ee535c6d914b56','','tempo','','2017-11-15 12:32:17','2017-11-15 12:33:08','2017-11-15 12:32:17','860596','2017-11-15 12:32:17',0,1),(72,'simran','Simran','John','9gD3m5Q1DFpbj0eV','','simran@appscelestial.com','0','1999-11-15','','Shivaji Nagar, Nagpur - 440001, Maharashtra, India','Nagpur','Maharashtra','440001','India','https://s3-us-west-2.amazonaws.com/tempoevent/avatar/default.png','t-97559e089440254655ae06724da41656','','tempo','','2017-11-15 12:40:03',NULL,'2017-11-15 12:40:03','024358','2017-11-15 12:40:03',NULL,1),(74,'judey','Jude','Guy','hwKwIh+QFVoesG8rVzDA0NX0','','iostestcourse@gmail.com','8326209436','1989-11-22','','7401 Sadler Court, Sugar Land, TX 77479, United St','Sugar Land','Texas','77479','United States of America','https://s3-us-west-2.amazonaws.com/tempoevent/avatar/default.png','t-2f4305c8ebae78a2b2db50b518278318','','tempo','','2017-11-22 14:57:34',NULL,'2017-11-22 14:57:34','230753','2017-11-22 14:57:34',NULL,1),(75,'jud','Jude','Guy','7AGIhB6RFVq5YPZ02hGxj0JR','','jay@Gmail.com','8326209437','1989-11-22','','7401 Sadler Court, Sugar Land, TX 77479, United St','Sugar Land','Texas','77479','United States of America','https://s3-us-west-2.amazonaws.com/tempoevent/avatar/default.png','t-4edc713bc03b5123fd966197ca9d17e8','','tempo','','2017-11-22 15:01:47',NULL,'2017-11-22 15:01:47','312280','2017-11-22 15:01:47',NULL,1),(76,'judt','Jude','Guy','hAGoWpeRFVpGkYBNcSpCuf3p','','jay@Gmail.co','8326205555','1989-11-22','','7401 Sadler Court, Sugar Land, TX 77479, United St','Sugar Land','Texas','77479','United States of America','https://s3-us-west-2.amazonaws.com/tempoevent/avatar/default.png','t-de5bb021324123483066e88166b79102','','tempo','','2017-11-22 15:02:49',NULL,'2017-11-22 15:02:49','198894','2017-11-22 15:02:49',NULL,1),(77,'juhjjj','Jude','Guy','EwKzek6SFVpIsPmpLDGOHlZ2','','jay@Gmail.couy','','1989-11-22','','7401 Sadler Court, Sugar Land, TX 77479, United St','Sugar Land','Texas','77479','United States of America','https://s3-us-west-2.amazonaws.com/tempoevent/avatar/default.png','t-5497f960f510aa337536900ba8509c2b','','tempo','','2017-11-22 15:05:55',NULL,'2017-11-22 15:05:55','131918','2017-11-22 15:05:55',NULL,1),(78,'mickey','Mike','James','bAIVZa6TFVoW5bbFqxDqCo4L','','James','5123423349','1983-11-22','','7401 Sadler Court, Sugar Land, TX 77479, United St','Sugar Land','Texas','77479','United States of America','https://s3-us-west-2.amazonaws.com/tempoevent/avatar/default.png','t-d52e32f3a96a64786814ae9b5279fbe5','','tempo','','2017-11-22 15:12:03',NULL,'2017-11-22 15:12:03','499394','2017-11-22 15:12:03',NULL,1),(79,'kkkay','Casey','Anthony','4ABb5niUFVoAaRF7r9Zo9cAy','','kay@gmail.com','8322121389','1983-09-01','','7401 Sadler Court, Sugar Land, TX 77479, United St','Sugar Land','Texas','77479','United States of America','https://s3-us-west-2.amazonaws.com/tempoevent/avatar/default.png','t-1222302f7960b305c95edcf276bdb09f','','tempo','','2017-11-22 15:15:28',NULL,'2017-11-22 15:15:28','878881','2017-11-22 15:15:28',NULL,1),(82,'tempo','Account','Tempo','ogGAKiX9G1qdHX96','','tempo@appscelestial.com','9852000236','1999-11-27','','Shree Durga Mata Mandir, Ghat Road, Mominpura, Nag','Nagpur','Maharashtra','440012','India','https://s3-us-west-2.amazonaws.com/tempoevent/avatar/default.png','t-2155e688fd788ec9e27ba970710aa221','','tempo','','2017-11-27 11:55:46','2017-11-29 11:35:43','2017-11-27 11:55:46','579659','2017-11-27 11:55:46',1.09091,1),(83,'tempo1','Tempo','Sample','iwL+AmYIHFp0t77T','','tempo1@appscelestial.com','121212112','1999-11-27','','Shree Durga Mata Mandir, Ghat Road, Mominpura, Nag','Nagpur','Maharashtra','440012','India','https://s3-us-west-2.amazonaws.com/tempoevent/avatar/default.png','t-6ad8de98dd1cc2d5a3cac2c3896e295b','','tempo','','2017-11-27 12:43:48',NULL,'2017-11-27 12:43:48','990457','2017-11-27 12:43:48',NULL,1),(84,'lakshparmar13','Laksh','Parmar','OQAByCgrHVpqICoF+llzUfTz','','lparmar@appscelestial.com','8237868645','1993-07-13','Male','Whittle Avenue, Burtonwood WA5 3RN, United Kingdom','','England','WA5 3RN','United Kingdom','https://s3-us-west-2.amazonaws.com/tempoproduction/avatar/84_1511946458.jpeg','t-bb9bd30b52b86b15632beacdd8438dcc','','tempo','','2017-11-28 09:24:33','2018-01-22 09:28:53','2017-11-28 09:24:33','004902','2017-11-28 09:24:33',3,1),(85,'keven','Keven','Simon','MwLE+IKUHlqZWR6M','','keven@appscelestial.com','2323453214','1999-11-29','Not specif','Shree Durga Mata Mandir, Ghat Road, Mominpura, Nag','Nagpur','Maharashtra','440012','India','https://s3-us-west-2.amazonaws.com/tempoevent/avatar/default.png','t-7197eb7114ad5eb80d08d89b795cab64','','tempo','','2017-11-29 11:05:53','2017-11-29 11:13:26','2017-11-29 11:05:53','392159','2017-11-29 11:05:53',NULL,1),(86,'kenny','Kenny','Simon','VQBpGniWHlomvIsA','','kenny@appscelestial.com','3334446565','1999-11-29','','Shree Durga Mata Mandir, Ghat Road, Mominpura, Nag','Nagpur','Maharashtra','440012','India','https://s3-us-west-2.amazonaws.com/tempoevent/avatar/default.png','t-299189a1ce8f37a67d48edba21c5d5c1','','tempo','','2017-11-29 11:14:22',NULL,'2017-11-29 11:14:22','679726','2017-11-29 11:14:22',NULL,1),(87,'RichHowardHomes','Richard','Adam','','','','0',NULL,'','','','','','','https://s3-us-west-2.amazonaws.com/tempoevent/avatar/default.png','31066539','','twitter','','2017-12-01 05:52:12',NULL,'2017-12-01 05:52:12','417177','2017-12-01 05:52:12',NULL,1),(88,'cityrunnerhtx','Chris ','O\'Neil','DQKYnAzLIlr7vNVaalNAG/aBHFVa','','Chris.oneil86@gmail.com','7132642875','1986-09-21','','6651 Cadillac Street, South Lawn, TX 77021, United','','Texas','77021','United States of America','https://s3-us-west-2.amazonaws.com/tempoevent/avatar/default.png','t-9e204304e61d4f50234d35d7c15ea652','','tempo','','2017-12-02 15:47:44','2017-12-02 15:52:01','2017-12-02 15:47:44','204390','2017-12-02 15:47:44',0,1),(89,'fillmeup','Fill','Me ','qQL1lgDWLVqMvDHh/B4S1LAl','','hdhhd@Gmail.com','8326209432','1985-12-11','','Can Do, Kawaramachi d?ri, Shimogyo Ward, Kyoto, Ky','Kyoto','Kyoto Prefecture','6068204','Japan','https://s3-us-west-2.amazonaws.com/tempoevent/avatar/default.png','t-2fcc502ad0ed071f7f2fc1f74cc046f6','','tempo','','2017-12-11 00:49:33',NULL,'2017-12-11 00:49:33','302245','2017-12-11 00:49:33',NULL,1),(90,'thisisaverylongusername','Thisisaverylongname','Thisisaverylonglastname','4wIan6mLL1pB0JG1k4+Lueh6LA==','','laksh.parmar@gmail.com','','1996-10-13','','Apple, Inc., Campus Parking, Infinite Loop, Cupert','Cupertino','California','95014-2031','United States of America','https://s3-us-west-2.amazonaws.com/tempoevent/avatar/default.png','t-d9c79cf531e71985e8bc387478a70227','','tempo','','2017-12-12 07:57:16',NULL,'2017-12-12 07:57:16','576855','2017-12-12 07:57:16',NULL,1),(91,'james','James','Samuel','8AL+CZFyT1pJrHMRoCc=','','james@appscelestial.com','','2000-01-05','','Seminary Hills, Nagpur - 440001, Maharashtra, Indi','Nagpur','Maharashtra','440001','India','https://s3-us-west-2.amazonaws.com/tempoevent/avatar/default.png','t-3669361425bd33229aaafde94593a265','','tempo','','2018-01-05 12:42:18',NULL,'2018-01-05 12:42:18','327649','2018-01-05 12:42:18',NULL,1),(92,'sam','Samuel','James','RQH4RdhzT1rqjGLWg9E=','','sam@appscelestial.com','','2000-01-05','','Seminary Hills, Nagpur - 440001, Maharashtra, Indi','Nagpur','Maharashtra','440001','India','https://s3-us-west-2.amazonaws.com/tempoevent/avatar/default.png','t-7d5e2784b70578ed5873fbd0eade1b0e','','tempo','','2018-01-05 12:47:30',NULL,'2018-01-05 12:47:30','831098','2018-01-05 12:47:30',NULL,1),(93,'sampiku','Sam','Piku','rwOltXR1T1p/Dj5DmkU=','','sampiku@appscelestial.com','','2000-01-05','','Seminary Hills, Nagpur - 440001, Maharashtra, Indi','Nagpur','Maharashtra','440001','India','https://s3-us-west-2.amazonaws.com/tempoevent/avatar/default.png','t-f5371b55cdbc5f10db69e878b50b1cbc','','tempo','','2018-01-05 12:54:24',NULL,'2018-01-05 12:54:24','880343','2018-01-05 12:54:24',NULL,1),(94,'PreciousAzuree','Precious','Azure','','','','0',NULL,'','','','','','','https://s3-us-west-2.amazonaws.com/tempoevent/avatar/default.png','32451891','','twitter','','2018-01-09 03:09:41',NULL,'2018-01-09 03:09:41','351228','2018-01-09 03:09:41',NULL,1),(95,'DreDooley','Dre','Dooley','SAGVDGLGVlrWuYo+UU6JUS0Gq/8=','','dre.dooley1@gmail.com','9726938986','2000-01-10','','9147 Murworth Drive, Houston, TX 77025, United Sta','Houston','Texas','77025','United States of America','https://s3-us-west-2.amazonaws.com/tempoproduction/avatar/95_1515636699.jpeg','t-c61e12fcfcc2b6cf58ca283d765aa6c5','','tempo','','2018-01-11 02:05:43','2018-01-11 02:06:42','2018-01-11 02:05:43','762564','2018-01-11 02:05:43',NULL,1),(96,'jemuel','Jemuel','Francis','xwOcteNGWFrV1zmb','','jemuel@appscelestial.com','','2000-01-12','','Seminary Hills, Nagpur - 440001, Maharashtra, Indi','Nagpur','Maharashtra','440001','India','https://s3-us-west-2.amazonaws.com/tempoevent/avatar/default.png','t-62eaa9bd39dc25de4e5fc69f3f6ee69d','','tempo','','2018-01-12 05:26:17',NULL,'2018-01-12 05:26:17','659630','2018-01-12 05:26:17',NULL,1),(97,'WiltheLegend1','Wilfred ','Brown','EAF1sZ4cXFoTk1JUrWKgIg==','','wdbrown@uh.edu','8323587004','0088-01-29','','12231 Villa Lea Lane, Heakers, TX 77071, United St','','Texas','77071','United States of America','https://s3-us-west-2.amazonaws.com/tempoevent/avatar/default.png','t-d68db6465943e25be9bcef3c6d584dbc','','tempo','','2018-01-15 03:14:56',NULL,'2018-01-15 03:14:56','186248','2018-01-15 03:14:56',NULL,1),(98,'Beautifulugo_','Ugoeze','','','','','0',NULL,'','','','','','','https://s3-us-west-2.amazonaws.com/tempoevent/avatar/default.png','291476170','','twitter','','2018-01-26 03:13:53',NULL,'2018-01-26 03:13:53','879577','2018-01-26 03:13:53',NULL,1),(99,'chibby38','Chibby','Imo','fAPngYw4a1pwG4O59mLwBis=','','chibbyimo@icloud.com','8322894323','1997-10-02','Not specif','College Station, TX 77845, United States of Americ','','Texas','77845','United States of America','https://s3-us-west-2.amazonaws.com/tempoproduction/avatar/99_1516976826.jpeg','t-328f044dda375f2ce861139de017fbe8','','tempo','','2018-01-26 14:19:56','2018-01-27 23:54:06','2018-01-26 14:19:56','382491','2018-01-26 14:19:56',NULL,1),(100,'bubbasparks','Bubba','Sparks ','twMhBzU6a1p+kmdj3YvPxuF+','','jimmy@Gmail.com','8322121388','1991-03-24','','ExxonMobil Campus, Wellness 3, Wellness Drive, Old','','Texas','77380','United States of America','https://s3-us-west-2.amazonaws.com/tempoevent/avatar/default.png','t-b44385340640c1a00ad074e6eea1bc0d','','tempo','','2018-01-26 14:56:38',NULL,'2018-01-26 14:56:38','597837','2018-01-26 14:56:38',NULL,1),(101,'jdavid','Joseph','David','PwBtnyY5bFrAfUKC','','jdavid@appscelestial.com','','2000-01-27','','Seminary Hills, Nagpur - 440001, Maharashtra, Indi','Nagpur','Maharashtra','440001','India','https://s3-us-west-2.amazonaws.com/tempoevent/avatar/default.png','t-e07c3c25592afd494c64794fbb7e1ca5','','tempo','','2018-01-27 08:33:24',NULL,'2018-01-27 08:33:24','847731','2018-01-27 08:33:24',NULL,1),(102,'timt','Tim','Tolbert','8QAvzI+hbFpgrsL9h1LBwQ==','','tim@fddmedia.com','2318814192','1966-01-04','','Bas Bleu Theater Company, 401 Pine Street, Fort Co','Fort Collins','Colorado','80524','United States of America','https://s3-us-west-2.amazonaws.com/tempoevent/avatar/default.png','t-11892f175409d07ea36d430b76b993bc','','tempo','','2018-01-27 15:58:40',NULL,'2018-01-27 15:58:40','399048','2018-01-27 15:58:40',NULL,1),(103,'luch123','Oluchi','N','bwJsHEEKbVqahjBsIHkkhy4=','','chipzahoyz@gmail.com','7132641878','1997-02-10','','2103 Nueces Street, Austin, TX 78705, United State','Austin','Texas','78705','United States of America','https://s3-us-west-2.amazonaws.com/tempoevent/avatar/default.png','t-5174485ddac7dace0be95c42afdbc15d','','tempo','','2018-01-27 23:25:17',NULL,'2018-01-27 23:25:17','330216','2018-01-27 23:25:17',NULL,1),(104,'tochiicrystall','Tochi','','','','','0',NULL,'','','','','','','https://s3-us-west-2.amazonaws.com/tempoevent/avatar/default.png','1941807624','','twitter','','2018-01-27 23:29:10',NULL,'2018-01-27 23:29:10','030837','2018-01-27 23:29:10',NULL,1),(105,'fadi_1710','Fadi','Almasri','','','F.e.almasri@gmail.com','7733575534','0085-10-17','Male','','','','','','https://s3-us-west-2.amazonaws.com/tempoevent/avatar/default.png','213308757','','twitter','','2018-01-28 03:43:08','2018-02-08 19:39:15','2018-01-28 03:43:08','210351','2018-01-28 03:43:08',NULL,1),(106,'vhbjoh','Ohio','Jjbp big','YgI9ZN8BcFo/','','huguugug','9955665665','2000-01-29','','Jabalpur, Jabalpur - 48200, Madhya Pradesh, India','Jabalpur','Madhya Pradesh','48200','India','https://s3-us-west-2.amazonaws.com/tempoevent/avatar/default.png','t-8529fb9d2659670179dc057259580cae','','tempo','','2018-01-30 05:26:25',NULL,'2018-01-30 05:26:25','930672','2018-01-30 05:26:25',NULL,1),(107,'tester123','Tester1','Test','gQJ9NNcGcFo1a5T7Dds=','','test','','1999-01-30','','Jabalpur, Jabalpur - 48200, Madhya Pradesh, India','Jabalpur','Madhya Pradesh','48200','India','https://s3-us-west-2.amazonaws.com/tempoevent/avatar/default.png','t-098f6bcd4621d373cade4e832627b4f6','','tempo','','2018-01-30 05:48:02',NULL,'2018-01-30 05:48:02','291180','2018-01-30 05:48:02',NULL,1),(108,'tester12377','Tester1','Test','cgNkj4wJcFqyq+xQH6Q=','','test2233','98653236885','1999-01-30','','Jabalpur, Jabalpur - 48200, Madhya Pradesh, India','Jabalpur','Madhya Pradesh','48200','India','https://s3-us-west-2.amazonaws.com/tempoevent/avatar/default.png','t-7629c74f4197ad608845841605258630','','tempo','','2018-01-30 06:01:09',NULL,'2018-01-30 06:01:09','079501','2018-01-30 06:01:09',NULL,1),(109,'tester7778899','Tester1','Test','OwPCkW0KcFrZZJsgIn8=','','Salvus.testing2@gmail.com','986532368856556','1999-01-30','','','','','','','https://s3-us-west-2.amazonaws.com/tempoevent/avatar/default.png','t-c04c44d354fafe419f5b990bb2f1c1fc','','tempo','','2018-01-30 06:02:24',NULL,'2018-01-30 06:02:24','855189','2018-01-30 06:02:24',NULL,1),(110,'tester7778j','Tester1','Test','MgGdiO4LcFpbXN71lhs=','','Salvus.testing2@gmail.comfy','98656656566','1999-01-30','','','','','','','https://s3-us-west-2.amazonaws.com/tempoevent/avatar/default.png','t-928cf38b7b044114ebc300e161319399','','tempo','','2018-01-30 06:08:48',NULL,'2018-01-30 06:08:48','259414','2018-01-30 06:08:48',NULL,1),(111,'tester7778jvbb','Tester1','Test','iAFcIZgMcFrH/6qXO14=','','Salvus.testing2@gmail.c','9713099668','1999-01-30','','','','','','','https://s3-us-west-2.amazonaws.com/tempoevent/avatar/default.png','t-6e293021b78624a8444e9949959b03fa','','tempo','','2018-01-30 06:11:48',NULL,'2018-01-30 06:11:48','342062','2018-01-30 06:11:48',NULL,1),(112,'tester7778jvbbbccbvncmbckh','Tester1','Test','HQJCeqgNcFqufGXiGcw=','','Salvus.testing2@gmail.cubj','+919109242012','1999-01-30','','Jabalpur, Jabalpur - 48200, Madhya Pradesh, India','Jabalpur','Madhya Pradesh','48200','India','https://s3-us-west-2.amazonaws.com/tempoevent/avatar/default.png','t-f6f7d4c4b1f8d0bcbee06fc1c48b3935','','tempo','','2018-01-30 06:21:33',NULL,'2018-01-30 06:21:33','555688','2018-01-30 06:21:33',NULL,1),(113,'tester7778jvbbbccbvncmbckhgv','Tester1','Test','ywGVKI4PcFpqsS6Cos4=','','Salvus.testing1@gmail.com','+9191092420128889','1999-01-30','','Jabalpur, Jabalpur - 48200, Madhya Pradesh, India','Jabalpur','Madhya Pradesh','48200','India','https://s3-us-west-2.amazonaws.com/tempoproduction/avatar/113_1517294163.jpeg','t-b9887b292b7cb11be6a3fe61193a8a26','','tempo','','2018-01-30 06:27:09','2018-01-30 06:29:12','2018-01-30 06:27:09','476668','2018-01-30 06:27:09',NULL,1),(114,'Beckyjun1','Becky','jun','','','','0',NULL,'','','','','','','https://s3-us-west-2.amazonaws.com/tempoevent/avatar/default.png','9.4047693489884E+17','','twitter','','2018-01-30 06:37:48',NULL,'2018-01-30 06:37:48','028046','2018-01-30 06:37:48',NULL,1),(115,'cabakwue','Chinwe','A. ','XgDFgUSTcFqUFXhzrTklNCKM','','cea1true@yahoo.com','2818548334','1994-05-17','','Joel A. Gordon & Associates, 6666 Harwin Drive, Je','','Texas','77036','United States of America','https://s3-us-west-2.amazonaws.com/tempoevent/avatar/default.png','t-3b6f8d5dc30835e9da6fbb6a49d212b7','','tempo','','2018-01-30 15:46:26',NULL,'2018-01-30 15:46:26','432608','2018-01-30 15:46:26',NULL,1),(116,'nigerianbeautii','Elizabeth ','Emmanuel ','HQDCAoPlc1o8OjCD5DOZ8t71','','elizabeth_emmanuel23@yahoo.com','8328853901','1992-09-23','','4116 Custer Creek Drive, Missouri City, TX 77459, ','Missouri City','Texas','77459','United States of America','https://s3-us-west-2.amazonaws.com/tempoevent/avatar/default.png','t-7afedf7a7e2a0685752d852851183b48','','tempo','','2018-02-02 04:14:40',NULL,'2018-02-02 04:14:40','295364','2018-02-02 04:14:40',NULL,1),(117,'shivani','Shivani','Ghatwai','lwEelTjpc1p05VApQUc=','','shivanighatwai@gmail.com','','1994-03-08','','Cafe Coffee Day, North Ambazari Road, Dharampeth, ','Nagpur','Maharashtra','440001','India','https://s3-us-west-2.amazonaws.com/tempoproduction/avatar/117_1517546484.jpeg','t-7adba2c9c54b2ba5a4032e06eee6a386','','tempo','','2018-02-02 04:30:30','2018-02-02 04:33:16','2018-02-02 04:30:30','729923','2018-02-02 04:30:30',NULL,1),(118,'Shree','Shriram','Ghanekar','lgFNwV34c1pbH1x5IODg','','shriramghanekar23@gmail.com','917414914463','1994-09-23','','Sadar Bazaar, Nagpur - 440001, Maharashtra, India','Nagpur','Maharashtra','440001','India','https://s3-us-west-2.amazonaws.com/tempoevent/avatar/default.png','t-5a40b8fc021c7db35090c2909b8c4130','','tempo','','2018-02-02 05:34:56',NULL,'2018-02-02 05:34:56','185348','2018-02-02 05:34:56',NULL,1),(119,'kenera','Kenera','Colley','sQJMzpwFdFqsnZL3Cr2fcectB0y+hQ==','','Kenera.colley@gmail.com','9728228023','1993-10-10','','15326 Ashley Oaks Drive Northeast, Brookhaven, GA ','','Georgia','30345','United States of America','https://s3-us-west-2.amazonaws.com/tempoevent/avatar/default.png','t-844b384ba2c859198243c93e70ed8c05','','tempo','','2018-02-02 06:31:15',NULL,'2018-02-02 06:31:15','849418','2018-02-02 06:31:15',NULL,1),(120,'Carinaloa7','Carina','Loa','hgAnyeqbdFrksieAKDDR+uK9DQ==','','Carinaloa7@gmail.com','8329653563','1995-11-07','','Bexley Drive, Bellaire West, TX 77099, United Stat','','Texas','77099','United States of America','https://s3-us-west-2.amazonaws.com/tempoevent/avatar/default.png','t-b9dd5cb4528d7f1a0a23bfb55a310725','','tempo','','2018-02-02 17:13:05',NULL,'2018-02-02 17:13:05','392756','2018-02-02 17:13:05',NULL,1),(121,'Augusta','August','Augusta','XgKC8QKjdlrjouwmlPUxFYvt','','sikele66@gmail.com','8323141922','1966-08-21','','6977 Vialinda Drive, TX 77083, United States of Am','','Texas','77083','United States of America','https://s3-us-west-2.amazonaws.com/tempoevent/avatar/default.png','t-33908609f9a7f8c5a7de16111aa839ca','','tempo','','2018-02-04 06:07:35',NULL,'2018-02-04 06:07:35','619829','2018-02-04 06:07:35',NULL,1),(122,'mob','Mobile','Genius','lQHnUyaceVq1jF5YsrMw','','mobilegenius2018@gmail.com','','1990-02-06','','????? ????? ?????? 41?, ????????, Primorsky Krai, ','','Primorsky Krai','690910','Russia','https://s3-us-west-2.amazonaws.com/tempoevent/avatar/default.png','t-836b3087b41d6f0ead8ab3cfbb2be2c3','','tempo','','2018-02-06 12:15:00',NULL,'2018-02-06 12:15:00','363755','2018-02-06 12:15:00',NULL,1),(123,'amarD','Amar ','D','YwLv4C+weVpoU3kE0Q==','','adomkawle@Gmail.com','9923389955','1988-10-28','','Bavdhan, Pune - 411001, Maharashtra, India','Pune','Maharashtra','411001','India','https://s3-us-west-2.amazonaws.com/tempoevent/avatar/default.png','t-8f6fcde06cc4cf4ce3b08d99fff336a4','','tempo','','2018-02-06 13:40:18',NULL,'2018-02-06 13:40:18','891864','2018-02-06 13:40:18',NULL,1),(124,'chiannaj','Chiamaka ','Nnaji ','FQAn8ZO+eVoyxtaQFk+ajg==','','chiamaka.nnaji@gmail.com','','1993-07-15','','South Texas Medical Center, Dental School, Louis P','San Antonio','Texas','78230','United States of America','https://s3-us-west-2.amazonaws.com/tempoevent/avatar/default.png','t-586a41d9d3bedb3b0fbf4e5159d8772b','','tempo','','2018-02-06 14:41:44',NULL,'2018-02-06 14:41:44','015367','2018-02-06 14:41:44',NULL,1),(125,'joeharris90','Joe','Harris','xgHrlDfZeVrLUpjBTWVFU80=','','torijones859@gmail.com','','1987-02-06','','6699 Alicant Drive, Paynes, TX 77479, United State','','Texas','77479','United States of America','https://s3-us-west-2.amazonaws.com/tempoevent/avatar/default.png','t-cddbd67632a9b9fafda568251534e3e7','','tempo','','2018-02-06 16:35:18',NULL,'2018-02-06 16:35:18','273835','2018-02-06 16:35:18',NULL,1),(126,'Ezesmoove','2.10','','','','','0',NULL,'','','','','','','https://s3-us-west-2.amazonaws.com/tempoevent/avatar/default.png','8.7756530111791E+17','','twitter','','2018-02-07 22:55:00',NULL,'2018-02-07 22:55:00','307064','2018-02-07 22:55:00',NULL,1);
/*!40000 ALTER TABLE `users` ENABLE KEYS */;
UNLOCK TABLES;
/*!40103 SET TIME_ZONE=@OLD_TIME_ZONE */;

/*!40101 SET SQL_MODE=@OLD_SQL_MODE */;
/*!40014 SET FOREIGN_KEY_CHECKS=@OLD_FOREIGN_KEY_CHECKS */;
/*!40014 SET UNIQUE_CHECKS=@OLD_UNIQUE_CHECKS */;
/*!40101 SET CHARACTER_SET_CLIENT=@OLD_CHARACTER_SET_CLIENT */;
/*!40101 SET CHARACTER_SET_RESULTS=@OLD_CHARACTER_SET_RESULTS */;
/*!40101 SET COLLATION_CONNECTION=@OLD_COLLATION_CONNECTION */;
/*!40111 SET SQL_NOTES=@OLD_SQL_NOTES */;

-- Dump completed on 2018-05-05 14:24:07
